TILENAME,PATH,RA_CENT,DEC_CENT
DES1542+0752,DEC_Taiga/multiepoch/delve/r6117/DES1542+0752/p01/coadd,235.70075300,7.86940700
DES1236-0707,DEC_Taiga/multiepoch/delve/r6117/DES1236-0707/p01/coadd,189.10673200,-7.12225900
DES1052-4331,DEC_Taiga/multiepoch/delve/r6117/DES1052-4331/p03/coadd,163.13552600,-43.53059300
DES1241-2832,DEC_Taiga/multiepoch/delve/r6117/DES1241-2832/p01/coadd,190.48126000,-28.53892600
DES1310-1332,DEC_Taiga/multiepoch/delve/r6117/DES1310-1332/p01/coadd,197.71313300,-13.54725900
DES1731-0915,DEC_Taiga/multiepoch/delve/r6117/DES1731-0915/p01/coadd,262.91836200,-9.26392600
DES1457-1832,DEC_Taiga/multiepoch/delve/r6117/DES1457-1832/p02/coadd,224.47728600,-18.54448100
DES1216+0043,DEC_Taiga/multiepoch/delve/r6117/DES1216+0043/p01/coadd,184.15802700,0.73051900
DES1221-0333,DEC_Taiga/multiepoch/delve/r6117/DES1221-0333/p01/coadd,185.36964900,-3.55281500
DES0947-2623,DEC_Taiga/multiepoch/delve/r6117/DES0947-2623/p01/coadd,146.92360900,-26.39725900
DES1647-2249,DEC_Taiga/multiepoch/delve/r6117/DES1647-2249/p01/coadd,251.93183200,-22.82781500
DES1429+0500,DEC_Taiga/multiepoch/delve/r6117/DES1429+0500/p01/coadd,217.41833900,5.01385200
DES1239+0543,DEC_Taiga/multiepoch/delve/r6117/DES1239+0543/p02/coadd,189.79143200,5.72774100
DES1259+2917,DEC_Taiga/multiepoch/delve/r6117/DES1259+2917/p01/coadd,194.92826200,29.28607400
DES1429-0250,DEC_Taiga/multiepoch/delve/r6117/DES1429-0250/p01/coadd,217.34609100,-2.83892600
DES1605+0418,DEC_Taiga/multiepoch/delve/r6117/DES1605+0418/p01/coadd,241.45229000,4.29996300
DES1215-1332,DEC_Taiga/multiepoch/delve/r6117/DES1215-1332/p01/coadd,183.76105900,-13.54725900
DES1313-2332,DEC_Taiga/multiepoch/delve/r6117/DES1313-2332/p01/coadd,198.44692100,-23.54170400
DES1405-0416,DEC_Taiga/multiepoch/delve/r6117/DES1405-0416/p01/coadd,211.37140500,-4.26670400
DES1308+1751,DEC_Taiga/multiepoch/delve/r6117/DES1308+1751/p01/coadd,197.01897700,17.86385200
DES1444-3914,DEC_Taiga/multiepoch/delve/r6117/DES1444-3914/p02/coadd,221.04856800,-39.24725900
DES1538-3415,DEC_Taiga/multiepoch/delve/r6117/DES1538-3415/p01/coadd,234.55262600,-34.25003700
DES1705+0126,DEC_Taiga/multiepoch/delve/r6117/DES1705+0126/p01/coadd,256.34739300,1.44440700
DES1256+2708,DEC_Taiga/multiepoch/delve/r6117/DES1256+2708/p01/coadd,194.18279500,27.14440700
DES1309+0500,DEC_Taiga/multiepoch/delve/r6117/DES1309+0500/p01/coadd,197.35267000,5.01385200
DES1300-1458,DEC_Taiga/multiepoch/delve/r6117/DES1300-1458/p01/coadd,195.07566900,-14.97503700
DES1559-1707,DEC_Taiga/multiepoch/delve/r6117/DES1559-1707/p01/coadd,239.93385500,-17.11670400
DES1337-3123,DEC_Taiga/multiepoch/delve/r6117/DES1337-3123/p01/coadd,204.36880600,-31.39448100
DES1553+0835,DEC_Taiga/multiepoch/delve/r6117/DES1553+0835/p01/coadd,238.44489400,8.58329600
DES1526+0252,DEC_Taiga/multiepoch/delve/r6117/DES1526+0252/p05/coadd,231.65060100,2.87218500
DES1419-0124,DEC_Taiga/multiepoch/delve/r6117/DES1419-0124/p01/coadd,214.92432700,-1.41114800
DES1207+1543,DEC_Taiga/multiepoch/delve/r6117/DES1207+1543/p01/coadd,181.98896900,15.72218500
DES1551+0209,DEC_Taiga/multiepoch/delve/r6117/DES1551+0209/p01/coadd,237.90689500,2.15829600
DES1629-2458,DEC_Taiga/multiepoch/delve/r6117/DES1629-2458/p01/coadd,247.32230300,-24.96948100
DES1636-2041,DEC_Taiga/multiepoch/delve/r6117/DES1636-2041/p01/coadd,249.23137100,-20.68614800
DES1724-0707,DEC_Taiga/multiepoch/delve/r6117/DES1724-0707/p01/coadd,261.05074600,-7.12225900
DES1301+1043,DEC_Taiga/multiepoch/delve/r6117/DES1301+1043/p01/coadd,195.46031500,10.72496300
DES1426+1500,DEC_Taiga/multiepoch/delve/r6117/DES1426+1500/p01/coadd,216.55323500,15.00829600
DES1239-2915,DEC_Taiga/multiepoch/delve/r6117/DES1239-2915/p01/coadd,189.92758100,-29.25281500
DES1415-0333,DEC_Taiga/multiepoch/delve/r6117/DES1415-0333/p01/coadd,213.98019000,-3.55281500
DES0906-3040,DEC_Taiga/multiepoch/delve/r6117/DES0906-3040/p01/coadd,136.63107100,-30.68059300
DES1417-1124,DEC_Taiga/multiepoch/delve/r6117/DES1417-1124/p01/coadd,214.31932600,-11.40559300
DES1641+0709,DEC_Taiga/multiepoch/delve/r6117/DES1641+0709/p01/coadd,250.28357300,7.15551900
DES1725-0958,DEC_Taiga/multiepoch/delve/r6117/DES1725-0958/p01/coadd,261.47941700,-9.97781500
DES1516+1209,DEC_Taiga/multiepoch/delve/r6117/DES1516+1209/p02/coadd,229.00929100,12.15274100
DES1640-2206,DEC_Taiga/multiepoch/delve/r6117/DES1640-2206/p01/coadd,250.19987600,-22.11392600
DES1223+0500,DEC_Taiga/multiepoch/delve/r6117/DES1223+0500/p03/coadd,185.88657300,5.01385200
DES1649-1832,DEC_Taiga/multiepoch/delve/r6117/DES1649-1832/p01/coadd,252.33776900,-18.54448100
DES1206+1709,DEC_Taiga/multiepoch/delve/r6117/DES1206+1709/p01/coadd,181.71769100,17.14996300
DES1213+0418,DEC_Taiga/multiepoch/delve/r6117/DES1213+0418/p01/coadd,183.46406100,4.29996300
DES1446+1000,DEC_Taiga/multiepoch/delve/r6117/DES1446+1000/p01/coadd,221.64397900,10.01107400
DES1524-2249,DEC_Taiga/multiepoch/delve/r6117/DES1524-2249/p02/coadd,231.01882400,-22.82781500
DES1408-0207,DEC_Taiga/multiepoch/delve/r6117/DES1408-0207/p01/coadd,212.18218400,-2.12503700
DES1451+0126,DEC_Taiga/multiepoch/delve/r6117/DES1451+0126/p02/coadd,222.78395000,1.44440700
DES1010-2541,DEC_Taiga/multiepoch/delve/r6117/DES1010-2541/p01/coadd,152.64531700,-25.68337000
DES1426+1043,DEC_Taiga/multiepoch/delve/r6117/DES1426+1043/p01/coadd,216.53116500,10.72496300
DES1549-1332,DEC_Taiga/multiepoch/delve/r6117/DES1549-1332/p01/coadd,237.36639900,-13.54725900
DES1442+2500,DEC_Taiga/multiepoch/delve/r6117/DES1442+2500/p01/coadd,220.63037400,25.00274100
DES1614+0543,DEC_Taiga/multiepoch/delve/r6117/DES1614+0543/p01/coadd,243.60175700,5.72774100
DES1226-0250,DEC_Taiga/multiepoch/delve/r6117/DES1226-0250/p01/coadd,186.61114900,-2.83892600
DES1317+1917,DEC_Taiga/multiepoch/delve/r6117/DES1317+1917/p01/coadd,199.39110000,19.29163000
DES1318+1834,DEC_Taiga/multiepoch/delve/r6117/DES1318+1834/p01/coadd,199.68435600,18.57774100
DES1013-2623,DEC_Taiga/multiepoch/delve/r6117/DES1013-2623/p03/coadd,153.29951500,-26.39725900
DES1446+0917,DEC_Taiga/multiepoch/delve/r6117/DES1446+0917/p02/coadd,221.71811300,9.29718500
DES1445-0416,DEC_Taiga/multiepoch/delve/r6117/DES1445-0416/p01/coadd,221.39362500,-4.26670400
DES1403+0500,DEC_Taiga/multiepoch/delve/r6117/DES1403+0500/p01/coadd,210.96866000,5.01385200
DES1340+0500,DEC_Taiga/multiepoch/delve/r6117/DES1340+0500/p01/coadd,205.23561100,5.01385200
DES1205+1751,DEC_Taiga/multiepoch/delve/r6117/DES1205+1751/p01/coadd,181.26792000,17.86385200
DES1313-1958,DEC_Taiga/multiepoch/delve/r6117/DES1313-1958/p01/coadd,198.31992700,-19.97225900
DES1315+1709,DEC_Taiga/multiepoch/delve/r6117/DES1315+1709/p01/coadd,198.90118100,17.14996300
DES1611+0543,DEC_Taiga/multiepoch/delve/r6117/DES1611+0543/p01/coadd,242.88428600,5.72774100
DES1448-0541,DEC_Taiga/multiepoch/delve/r6117/DES1448-0541/p02/coadd,222.05976100,-5.69448100
DES1328-3040,DEC_Taiga/multiepoch/delve/r6117/DES1328-3040/p01/coadd,202.20729300,-30.68059300
DES1454+0709,DEC_Taiga/multiepoch/delve/r6117/DES1454+0709/p02/coadd,223.66234800,7.15551900
DES1737-1041,DEC_Taiga/multiepoch/delve/r6117/DES1737-1041/p01/coadd,264.44706600,-10.69170400
DES1448+0709,DEC_Taiga/multiepoch/delve/r6117/DES1448+0709/p02/coadd,222.22336300,7.15551900
DES1422+0543,DEC_Taiga/multiepoch/delve/r6117/DES1422+0543/p01/coadd,215.62038800,5.72774100
DES1220+0500,DEC_Taiga/multiepoch/delve/r6117/DES1220+0500/p01/coadd,185.16994200,5.01385200
DES1630-1958,DEC_Taiga/multiepoch/delve/r6117/DES1630-1958/p01/coadd,247.69202500,-19.97225900
DES1642-1124,DEC_Taiga/multiepoch/delve/r6117/DES1642-1124/p01/coadd,250.73286500,-11.40559300
DES1605-3623,DEC_Taiga/multiepoch/delve/r6117/DES1605-3623/p01/coadd,241.35732000,-36.39170400
DES1259-1415,DEC_Taiga/multiepoch/delve/r6117/DES1259-1415/p01/coadd,194.90355900,-14.26114800
DES1354-3706,DEC_Taiga/multiepoch/delve/r6117/DES1354-3706/p01/coadd,208.60266300,-37.10559300
DES1312+1834,DEC_Taiga/multiepoch/delve/r6117/DES1312+1834/p01/coadd,198.17809000,18.57774100
DES1210+0418,DEC_Taiga/multiepoch/delve/r6117/DES1210+0418/p01/coadd,182.74815700,4.29996300
DES1732-0707,DEC_Taiga/multiepoch/delve/r6117/DES1732-0707/p01/coadd,263.20906600,-7.12225900
DES1303+1500,DEC_Taiga/multiepoch/delve/r6117/DES1303+1500/p01/coadd,195.85840800,15.00829600
DES1607+0500,DEC_Taiga/multiepoch/delve/r6117/DES1607+0500/p01/coadd,241.78379500,5.01385200
DES1313-1250,DEC_Taiga/multiepoch/delve/r6117/DES1313-1250/p01/coadd,198.35311300,-12.83337000
DES1538+0335,DEC_Taiga/multiepoch/delve/r6117/DES1538+0335/p01/coadd,234.73443600,3.58607400
DES1251+0835,DEC_Taiga/multiepoch/delve/r6117/DES1251+0835/p01/coadd,192.96046100,8.58329600
DES1558-3415,DEC_Taiga/multiepoch/delve/r6117/DES1558-3415/p01/coadd,239.73456000,-34.25003700
DES1400-2706,DEC_Taiga/multiepoch/delve/r6117/DES1400-2706/p01/coadd,210.13979600,-27.11114800
DES1433+0752,DEC_Taiga/multiepoch/delve/r6117/DES1433+0752/p01/coadd,218.40453400,7.86940700
DES1506+0252,DEC_Taiga/multiepoch/delve/r6117/DES1506+0252/p02/coadd,226.64709400,2.87218500
DES1513-1624,DEC_Taiga/multiepoch/delve/r6117/DES1513-1624/p02/coadd,228.29841500,-16.40281500
DES1236-0124,DEC_Taiga/multiepoch/delve/r6117/DES1236-0124/p01/coadd,189.21653100,-1.41114800
DES1339-3206,DEC_Taiga/multiepoch/delve/r6117/DES1339-3206/p01/coadd,204.92311300,-32.10837000
DES1352-3249,DEC_Taiga/multiepoch/delve/r6117/DES1352-3249/p01/coadd,208.08004500,-32.82225900
DES1442-2832,DEC_Taiga/multiepoch/delve/r6117/DES1442-2832/p01/coadd,220.54853100,-28.53892600
DES1227+2334,DEC_Taiga/multiepoch/delve/r6117/DES1227+2334/p01/coadd,186.83536500,23.57496300
DES1410+0335,DEC_Taiga/multiepoch/delve/r6117/DES1410+0335/p01/coadd,212.56046200,3.58607400
DES1600-2041,DEC_Taiga/multiepoch/delve/r6117/DES1600-2041/p01/coadd,240.07434800,-20.68614800
DES1612-3623,DEC_Taiga/multiepoch/delve/r6117/DES1612-3623/p03/coadd,243.13100100,-36.39170400
DES1327-2958,DEC_Taiga/multiepoch/delve/r6117/DES1327-2958/p01/coadd,201.76987200,-29.96670400
DES1353-2623,DEC_Taiga/multiepoch/delve/r6117/DES1353-2623/p01/coadd,208.29170100,-26.39725900
DES1051-3914,DEC_Taiga/multiepoch/delve/r6117/DES1051-3914/p03/coadd,162.97309600,-39.24725900
DES1434+1000,DEC_Taiga/multiepoch/delve/r6117/DES1434+1000/p01/coadd,218.74427300,10.01107400
DES1521+0500,DEC_Taiga/multiepoch/delve/r6117/DES1521+0500/p02/coadd,230.31769800,5.01385200
DES0855-2458,DEC_Taiga/multiepoch/delve/r6117/DES0855-2458/p04/coadd,133.92323700,-24.96948100
DES1247+1334,DEC_Taiga/multiepoch/delve/r6117/DES1247+1334/p01/coadd,191.87743500,13.58051900
DES1319-0915,DEC_Taiga/multiepoch/delve/r6117/DES1319-0915/p01/coadd,199.98926800,-9.26392600
DES1418-0624,DEC_Taiga/multiepoch/delve/r6117/DES1418-0624/p01/coadd,214.56346700,-6.40837000
DES1530+0335,DEC_Taiga/multiepoch/delve/r6117/DES1530+0335/p02/coadd,232.58856700,3.58607400
DES1224+0543,DEC_Taiga/multiepoch/delve/r6117/DES1224+0543/p01/coadd,186.20407700,5.72774100
DES1608+0543,DEC_Taiga/multiepoch/delve/r6117/DES1608+0543/p01/coadd,242.16681500,5.72774100
DES1402-3249,DEC_Taiga/multiepoch/delve/r6117/DES1402-3249/p01/coadd,210.62856700,-32.82225900
DES1438+2417,DEC_Taiga/multiepoch/delve/r6117/DES1438+2417/p01/coadd,219.67139300,24.28885200
DES1525-1332,DEC_Taiga/multiepoch/delve/r6117/DES1525-1332/p02/coadd,231.49184100,-13.54725900
DES1708-0541,DEC_Taiga/multiepoch/delve/r6117/DES1708-0541/p01/coadd,257.21379500,-5.69448100
DES1614-3040,DEC_Taiga/multiepoch/delve/r6117/DES1614-3040/p01/coadd,243.71123100,-30.68059300
DES1627-1958,DEC_Taiga/multiepoch/delve/r6117/DES1627-1958/p01/coadd,246.93245400,-19.97225900
DES1222+2834,DEC_Taiga/multiepoch/delve/r6117/DES1222+2834/p03/coadd,185.69117600,28.57218500
DES1158+3000,DEC_Taiga/multiepoch/delve/r6117/DES1158+3000/p01/coadd,179.60929300,29.99996300
DES1600+1917,DEC_Taiga/multiepoch/delve/r6117/DES1600+1917/p01/coadd,240.23449700,19.29163000
DES1521+1417,DEC_Taiga/multiepoch/delve/r6117/DES1521+1417/p02/coadd,230.30647200,14.29440700
DES1626-1707,DEC_Taiga/multiepoch/delve/r6117/DES1626-1707/p01/coadd,246.65662300,-17.11670400
DES1631-1832,DEC_Taiga/multiepoch/delve/r6117/DES1631-1832/p01/coadd,247.81985200,-18.54448100
DES1728-0541,DEC_Taiga/multiepoch/delve/r6117/DES1728-0541/p01/coadd,262.23580000,-5.69448100
DES1202-3832,DEC_Taiga/multiepoch/delve/r6117/DES1202-3832/p01/coadd,180.57085700,-38.53337000
DES1426+1126,DEC_Taiga/multiepoch/delve/r6117/DES1426+1126/p01/coadd,216.53958000,11.43885200
DES1715+1209,DEC_Taiga/multiepoch/delve/r6117/DES1715+1209/p01/coadd,258.94970800,12.15274100
DES1256+0917,DEC_Taiga/multiepoch/delve/r6117/DES1256+0917/p01/coadd,194.22922800,9.29718500
DES1716-0624,DEC_Taiga/multiepoch/delve/r6117/DES1716-0624/p01/coadd,259.10287400,-6.40837000
DES1001-3249,DEC_Taiga/multiepoch/delve/r6117/DES1001-3249/p01/coadd,150.31355200,-32.82225900
DES1443+1000,DEC_Taiga/multiepoch/delve/r6117/DES1443+1000/p01/coadd,220.91905300,10.01107400
DES0938-2541,DEC_Taiga/multiepoch/delve/r6117/DES0938-2541/p01/coadd,144.72380800,-25.68337000
DES1317+1626,DEC_Taiga/multiepoch/delve/r6117/DES1317+1626/p01/coadd,199.32426500,16.43607400
DES1610-3706,DEC_Taiga/multiepoch/delve/r6117/DES1610-3706/p02/coadd,242.61760100,-37.10559300
DES1200+0500,DEC_Taiga/multiepoch/delve/r6117/DES1200+0500/p01/coadd,180.15352500,5.01385200
DES1327-2832,DEC_Taiga/multiepoch/delve/r6117/DES1327-2832/p01/coadd,201.85806500,-28.53892600
DES1339-1250,DEC_Taiga/multiepoch/delve/r6117/DES1339-1250/p01/coadd,204.94271900,-12.83337000
DES1511+0752,DEC_Taiga/multiepoch/delve/r6117/DES1511+0752/p02/coadd,227.77331900,7.86940700
DES1618-3540,DEC_Taiga/multiepoch/delve/r6117/DES1618-3540/p01/coadd,244.56437600,-35.67781500
DES1735-0707,DEC_Taiga/multiepoch/delve/r6117/DES1735-0707/p01/coadd,263.92850700,-7.12225900
DES1442+0001,DEC_Taiga/multiepoch/delve/r6117/DES1442+0001/p02/coadd,220.54449400,0.01663000
DES1651-1332,DEC_Taiga/multiepoch/delve/r6117/DES1651-1332/p01/coadd,252.78711300,-13.54725900
DES1617-2332,DEC_Taiga/multiepoch/delve/r6117/DES1617-2332/p01/coadd,244.39023400,-23.54170400
DES1626-2332,DEC_Taiga/multiepoch/delve/r6117/DES1626-2332/p01/coadd,246.72633500,-23.54170400
DES1251+2043,DEC_Taiga/multiepoch/delve/r6117/DES1251+2043/p01/coadd,192.82414100,20.71940700
DES1336-3206,DEC_Taiga/multiepoch/delve/r6117/DES1336-3206/p01/coadd,204.08031300,-32.10837000
DES1740-0541,DEC_Taiga/multiepoch/delve/r6117/DES1740-0541/p01/coadd,265.10551700,-5.69448100
DES1500-2915,DEC_Taiga/multiepoch/delve/r6117/DES1500-2915/p02/coadd,225.11176000,-29.25281500
DES1543-2832,DEC_Taiga/multiepoch/delve/r6117/DES1543-2832/p01/coadd,235.98848100,-28.53892600
DES1519+1252,DEC_Taiga/multiepoch/delve/r6117/DES1519+1252/p02/coadd,229.87857200,12.86663000
DES1420+1126,DEC_Taiga/multiepoch/delve/r6117/DES1420+1126/p01/coadd,215.08286700,11.43885200
DES1524+2208,DEC_Taiga/multiepoch/delve/r6117/DES1524+2208/p02/coadd,231.01027500,22.14718500
DES1435+0835,DEC_Taiga/multiepoch/delve/r6117/DES1435+0835/p01/coadd,218.95156600,8.58329600
DES1409-0250,DEC_Taiga/multiepoch/delve/r6117/DES1409-0250/p01/coadd,212.34272800,-2.83892600
DES1114-3832,DEC_Taiga/multiepoch/delve/r6117/DES1114-3832/p03/coadd,168.70686900,-38.53337000
DES1633-2041,DEC_Taiga/multiepoch/delve/r6117/DES1633-2041/p01/coadd,248.46828500,-20.68614800
DES1725-0915,DEC_Taiga/multiepoch/delve/r6117/DES1725-0915/p01/coadd,261.47171600,-9.26392600
DES1345-3249,DEC_Taiga/multiepoch/delve/r6117/DES1345-3249/p01/coadd,206.38103100,-32.82225900
DES1212+2251,DEC_Taiga/multiepoch/delve/r6117/DES1212+2251/p01/coadd,183.06205200,22.86107400
DES1305+1917,DEC_Taiga/multiepoch/delve/r6117/DES1305+1917/p01/coadd,196.36566300,19.29163000
DES1727-1207,DEC_Taiga/multiepoch/delve/r6117/DES1727-1207/p01/coadd,261.82733100,-12.11948100
DES1656-0124,DEC_Taiga/multiepoch/delve/r6117/DES1656-0124/p01/coadd,254.20012700,-1.41114800
DES1423+1000,DEC_Taiga/multiepoch/delve/r6117/DES1423+1000/p01/coadd,215.84456700,10.01107400
DES1731-1041,DEC_Taiga/multiepoch/delve/r6117/DES1731-1041/p01/coadd,262.99406400,-10.69170400
DES1740-0833,DEC_Taiga/multiepoch/delve/r6117/DES1740-0833/p01/coadd,265.12728800,-8.55003700
DES1737-0541,DEC_Taiga/multiepoch/delve/r6117/DES1737-0541/p01/coadd,264.38808800,-5.69448100
DES1007-3623,DEC_Taiga/multiepoch/delve/r6117/DES1007-3623/p01/coadd,151.78643700,-36.39170400
DES1430-0041,DEC_Taiga/multiepoch/delve/r6117/DES1430-0041/p01/coadd,217.71133800,-0.69725900
DES1546-3540,DEC_Taiga/multiepoch/delve/r6117/DES1546-3540/p01/coadd,236.65483200,-35.67781500
DES1316-0416,DEC_Taiga/multiepoch/delve/r6117/DES1316-0416/p01/coadd,199.20156600,-4.26670400
DES1322-3706,DEC_Taiga/multiepoch/delve/r6117/DES1322-3706/p01/coadd,200.54649400,-37.10559300
DES1310+2000,DEC_Taiga/multiepoch/delve/r6117/DES1310+2000/p01/coadd,197.62015800,20.00551900
DES1739-0624,DEC_Taiga/multiepoch/delve/r6117/DES1739-0624/p01/coadd,264.84989400,-6.40837000
DES1330-2832,DEC_Taiga/multiepoch/delve/r6117/DES1330-2832/p01/coadd,202.67069400,-28.53892600
DES1441+0835,DEC_Taiga/multiepoch/delve/r6117/DES1441+0835/p01/coadd,220.39551600,8.58329600
DES1542-3457,DEC_Taiga/multiepoch/delve/r6117/DES1542-3457/p01/coadd,235.56968600,-34.96392600
DES1549-3457,DEC_Taiga/multiepoch/delve/r6117/DES1549-3457/p01/coadd,237.31191300,-34.96392600
DES1611+0418,DEC_Taiga/multiepoch/delve/r6117/DES1611+0418/p01/coadd,242.88409800,4.29996300
DES1154-4540,DEC_Taiga/multiepoch/delve/r6117/DES1154-4540/p01/coadd,178.58520100,-45.67225900
DES1428-4623,DEC_Taiga/multiepoch/delve/r6117/DES1428-4623/p03/coadd,217.19930800,-46.38614800
DES1238+1751,DEC_Taiga/multiepoch/delve/r6117/DES1238+1751/p01/coadd,189.51847400,17.86385200
DES1503-3457,DEC_Taiga/multiepoch/delve/r6117/DES1503-3457/p02/coadd,225.98744200,-34.96392600
DES1244-2958,DEC_Taiga/multiepoch/delve/r6117/DES1244-2958/p01/coadd,191.05720500,-29.96670400
DES1415-0250,DEC_Taiga/multiepoch/delve/r6117/DES1415-0250/p01/coadd,213.77226000,-2.83892600
DES1206+2208,DEC_Taiga/multiepoch/delve/r6117/DES1206+2208/p01/coadd,181.68184800,22.14718500
DES1247+3000,DEC_Taiga/multiepoch/delve/r6117/DES1247+3000/p01/coadd,191.97421100,29.99996300
DES1648-1124,DEC_Taiga/multiepoch/delve/r6117/DES1648-1124/p01/coadd,252.18940700,-11.40559300
DES1239+0043,DEC_Taiga/multiepoch/delve/r6117/DES1239+0043/p01/coadd,189.86960300,0.73051900
DES1224+1834,DEC_Taiga/multiepoch/delve/r6117/DES1224+1834/p01/coadd,186.12796000,18.57774100
DES1407-0041,DEC_Taiga/multiepoch/delve/r6117/DES1407-0041/p01/coadd,211.99980400,-0.69725900
DES1712+0709,DEC_Taiga/multiepoch/delve/r6117/DES1712+0709/p01/coadd,258.19799200,7.15551900
DES1302-1415,DEC_Taiga/multiepoch/delve/r6117/DES1302-1415/p01/coadd,195.64014700,-14.26114800
DES1318+1500,DEC_Taiga/multiepoch/delve/r6117/DES1318+1500/p01/coadd,199.55391300,15.00829600
DES1615-2958,DEC_Taiga/multiepoch/delve/r6117/DES1615-2958/p01/coadd,243.79648400,-29.96670400
DES1615-0458,DEC_Taiga/multiepoch/delve/r6117/DES1615-0458/p01/coadd,243.91695500,-4.98059300
DES1622+0835,DEC_Taiga/multiepoch/delve/r6117/DES1622+0835/p01/coadd,245.66464600,8.58329600
DES1649-2041,DEC_Taiga/multiepoch/delve/r6117/DES1649-2041/p01/coadd,252.28371100,-20.68614800
DES1322-3749,DEC_Taiga/multiepoch/delve/r6117/DES1322-3749/p01/coadd,200.57477300,-37.81948100
DES1422-1624,DEC_Taiga/multiepoch/delve/r6117/DES1422-1624/p01/coadd,215.64741100,-16.40281500
DES1216-1749,DEC_Taiga/multiepoch/delve/r6117/DES1216-1749/p03/coadd,184.21768700,-17.83059300
DES1608+0418,DEC_Taiga/multiepoch/delve/r6117/DES1608+0418/p01/coadd,242.16819400,4.29996300
DES1319+1543,DEC_Taiga/multiepoch/delve/r6117/DES1319+1543/p01/coadd,199.78823100,15.72218500
DES1255+1209,DEC_Taiga/multiepoch/delve/r6117/DES1255+1209/p01/coadd,193.95709500,12.15274100
DES1604+0335,DEC_Taiga/multiepoch/delve/r6117/DES1604+0335/p01/coadd,241.17204100,3.58607400
DES1159+1543,DEC_Taiga/multiepoch/delve/r6117/DES1159+1543/p01/coadd,179.76406200,15.72218500
DES1255-0750,DEC_Taiga/multiepoch/delve/r6117/DES1255-0750/p01/coadd,193.87918000,-7.83614800
DES1419+1626,DEC_Taiga/multiepoch/delve/r6117/DES1419+1626/p01/coadd,214.95465500,16.43607400
DES1223+0626,DEC_Taiga/multiepoch/delve/r6117/DES1223+0626/p01/coadd,185.84610900,6.44163000
DES1301+2834,DEC_Taiga/multiepoch/delve/r6117/DES1301+2834/p01/coadd,195.44581100,28.57218500
DES1520-0207,DEC_Taiga/multiepoch/delve/r6117/DES1520-0207/p02/coadd,230.04168800,-2.12503700
DES1328-2915,DEC_Taiga/multiepoch/delve/r6117/DES1328-2915/p01/coadd,202.20113100,-29.25281500
DES0958-3332,DEC_Taiga/multiepoch/delve/r6117/DES0958-3332/p03/coadd,149.66913400,-33.53614800
DES1337-3332,DEC_Taiga/multiepoch/delve/r6117/DES1337-3332/p01/coadd,204.48235200,-33.53614800
DES1734-0541,DEC_Taiga/multiepoch/delve/r6117/DES1734-0541/p01/coadd,263.67065800,-5.69448100
DES1449+0626,DEC_Taiga/multiepoch/delve/r6117/DES1449+0626/p02/coadd,222.48576400,6.44163000
DES1622-1832,DEC_Taiga/multiepoch/delve/r6117/DES1622-1832/p01/coadd,245.56089400,-18.54448100
DES1430+0835,DEC_Taiga/multiepoch/delve/r6117/DES1430+0835/p01/coadd,217.50761600,8.58329600
DES1307+1209,DEC_Taiga/multiepoch/delve/r6117/DES1307+1209/p01/coadd,196.87811100,12.15274100
DES1723-0958,DEC_Taiga/multiepoch/delve/r6117/DES1723-0958/p01/coadd,260.75456400,-9.97781500
DES1211-2332,DEC_Taiga/multiepoch/delve/r6117/DES1211-2332/p01/coadd,182.87291700,-23.54170400
DES1521+0335,DEC_Taiga/multiepoch/delve/r6117/DES1521+0335/p02/coadd,230.44269900,3.58607400
DES1626+2500,DEC_Taiga/multiepoch/delve/r6117/DES1626+2500/p01/coadd,246.62470600,25.00274100
DES1723-1124,DEC_Taiga/multiepoch/delve/r6117/DES1723-1124/p01/coadd,260.92865600,-11.40559300
DES1425+0543,DEC_Taiga/multiepoch/delve/r6117/DES1425+0543/p01/coadd,216.33785900,5.72774100
DES1201+1500,DEC_Taiga/multiepoch/delve/r6117/DES1201+1500/p01/coadd,180.33728800,15.00829600
DES1215+2251,DEC_Taiga/multiepoch/delve/r6117/DES1215+2251/p01/coadd,183.83679800,22.86107400
DES1246-0458,DEC_Taiga/multiepoch/delve/r6117/DES1246-0458/p01/coadd,191.60555000,-4.98059300
DES1555-0458,DEC_Taiga/multiepoch/delve/r6117/DES1555-0458/p01/coadd,238.90079300,-4.98059300
DES1541-3415,DEC_Taiga/multiepoch/delve/r6117/DES1541-3415/p01/coadd,235.41628200,-34.25003700
DES1353+0752,DEC_Taiga/multiepoch/delve/r6117/DES1353+0752/p01/coadd,208.31507400,7.86940700
DES1248+0835,DEC_Taiga/multiepoch/delve/r6117/DES1248+0835/p01/coadd,192.23848600,8.58329600
DES1358-1624,DEC_Taiga/multiepoch/delve/r6117/DES1358-1624/p02/coadd,209.69399800,-16.40281500
DES1245+2500,DEC_Taiga/multiepoch/delve/r6117/DES1245+2500/p01/coadd,191.48521300,25.00274100
DES0941-3540,DEC_Taiga/multiepoch/delve/r6117/DES0941-3540/p01/coadd,145.25565800,-35.67781500
DES1639-0041,DEC_Taiga/multiepoch/delve/r6117/DES1639-0041/p01/coadd,249.83871700,-0.69725900
DES1614+0418,DEC_Taiga/multiepoch/delve/r6117/DES1614+0418/p01/coadd,243.60000200,4.29996300
DES1008-2458,DEC_Taiga/multiepoch/delve/r6117/DES1008-2458/p03/coadd,152.03558800,-24.96948100
DES1629-2249,DEC_Taiga/multiepoch/delve/r6117/DES1629-2249/p01/coadd,247.28449700,-22.82781500
DES1259-1624,DEC_Taiga/multiepoch/delve/r6117/DES1259-1624/p01/coadd,194.81046500,-16.40281500
DES1313-1332,DEC_Taiga/multiepoch/delve/r6117/DES1313-1332/p01/coadd,198.44745300,-13.54725900
DES1330+1043,DEC_Taiga/multiepoch/delve/r6117/DES1330+1043/p01/coadd,202.72612500,10.72496300
DES1407-0333,DEC_Taiga/multiepoch/delve/r6117/DES1407-0333/p01/coadd,211.83440000,-3.55281500
DES1253-0915,DEC_Taiga/multiepoch/delve/r6117/DES1253-0915/p01/coadd,193.47936100,-9.26392600
DES1731-0958,DEC_Taiga/multiepoch/delve/r6117/DES1731-0958/p01/coadd,262.92912100,-9.97781500
DES0754+3000,DEC_Taiga/multiepoch/delve/r6117/DES0754+3000/p01/coadd,118.60902900,29.99996300
DES1625-1832,DEC_Taiga/multiepoch/delve/r6117/DES1625-1832/p01/coadd,246.31388000,-18.54448100
DES0906+3000,DEC_Taiga/multiepoch/delve/r6117/DES0906+3000/p01/coadd,136.74424300,29.99996300
DES1334+1000,DEC_Taiga/multiepoch/delve/r6117/DES1334+1000/p01/coadd,203.52081500,10.01107400
DES1505-0041,DEC_Taiga/multiepoch/delve/r6117/DES1505-0041/p02/coadd,226.27863900,-0.69725900
DES1621+1334,DEC_Taiga/multiepoch/delve/r6117/DES1621+1334/p01/coadd,245.49030000,13.58051900
DES1632-2249,DEC_Taiga/multiepoch/delve/r6117/DES1632-2249/p01/coadd,248.05905300,-22.82781500
DES1642-1958,DEC_Taiga/multiepoch/delve/r6117/DES1642-1958/p01/coadd,250.73030800,-19.97225900
DES0741+3000,DEC_Taiga/multiepoch/delve/r6117/DES0741+3000/p01/coadd,115.31171800,29.99996300
DES1416-2332,DEC_Taiga/multiepoch/delve/r6117/DES1416-2332/p01/coadd,214.02092500,-23.54170400
DES1510+0835,DEC_Taiga/multiepoch/delve/r6117/DES1510+0835/p02/coadd,227.61526700,8.58329600
DES1514+1334,DEC_Taiga/multiepoch/delve/r6117/DES1514+1334/p02/coadd,228.59857500,13.58051900
DES1551+2751,DEC_Taiga/multiepoch/delve/r6117/DES1551+2751/p01/coadd,237.98807300,27.85829600
DES1630-2332,DEC_Taiga/multiepoch/delve/r6117/DES1630-2332/p01/coadd,247.50503500,-23.54170400
DES1601-2332,DEC_Taiga/multiepoch/delve/r6117/DES1601-2332/p01/coadd,240.49673300,-23.54170400
DES1557+1917,DEC_Taiga/multiepoch/delve/r6117/DES1557+1917/p01/coadd,239.47813800,19.29163000
DES1603-1250,DEC_Taiga/multiepoch/delve/r6117/DES1603-1250/p01/coadd,240.81946500,-12.83337000
DES1319-1749,DEC_Taiga/multiepoch/delve/r6117/DES1319-1749/p01/coadd,199.96579500,-17.83059300
DES1316+1252,DEC_Taiga/multiepoch/delve/r6117/DES1316+1252/p01/coadd,199.12299500,12.86663000
DES1408-0124,DEC_Taiga/multiepoch/delve/r6117/DES1408-0124/p01/coadd,212.06790600,-1.41114800
DES1652-1958,DEC_Taiga/multiepoch/delve/r6117/DES1652-1958/p01/coadd,253.00902000,-19.97225900
DES1700+1334,DEC_Taiga/multiepoch/delve/r6117/DES1700+1334/p01/coadd,255.03779600,13.58051900
DES1254-0207,DEC_Taiga/multiepoch/delve/r6117/DES1254-0207/p01/coadd,193.60830000,-2.12503700
DES1539-3540,DEC_Taiga/multiepoch/delve/r6117/DES1539-3540/p01/coadd,234.89715600,-35.67781500
DES1616-3623,DEC_Taiga/multiepoch/delve/r6117/DES1616-3623/p01/coadd,244.01784100,-36.39170400
DES1728-0833,DEC_Taiga/multiepoch/delve/r6117/DES1728-0833/p01/coadd,262.23964000,-8.55003700
DES1250+1252,DEC_Taiga/multiepoch/delve/r6117/DES1250+1252/p01/coadd,192.53251400,12.86663000
DES1215-1707,DEC_Taiga/multiepoch/delve/r6117/DES1215-1707/p01/coadd,183.91078300,-17.11670400
DES1604+1000,DEC_Taiga/multiepoch/delve/r6117/DES1604+1000/p01/coadd,241.21699700,10.01107400
DES1602-0541,DEC_Taiga/multiepoch/delve/r6117/DES1602-0541/p01/coadd,240.71292200,-5.69448100
DES1012+3000,DEC_Taiga/multiepoch/delve/r6117/DES1012+3000/p01/coadd,153.23080100,29.99996300
DES1727-0624,DEC_Taiga/multiepoch/delve/r6117/DES1727-0624/p01/coadd,261.97638400,-6.40837000
DES1452-3749,DEC_Taiga/multiepoch/delve/r6117/DES1452-3749/p02/coadd,223.16771000,-37.81948100
DES1548+2126,DEC_Taiga/multiepoch/delve/r6117/DES1548+2126/p01/coadd,237.10936400,21.43329600
DES1723-0541,DEC_Taiga/multiepoch/delve/r6117/DES1723-0541/p01/coadd,260.80094100,-5.69448100
DES0908-2458,DEC_Taiga/multiepoch/delve/r6117/DES0908-2458/p01/coadd,137.07321100,-24.96948100
DES0916-2541,DEC_Taiga/multiepoch/delve/r6117/DES0916-2541/p01/coadd,139.17875200,-25.68337000
DES1158-4040,DEC_Taiga/multiepoch/delve/r6117/DES1158-4040/p01/coadd,179.50137500,-40.67503700
DES1221+3000,DEC_Taiga/multiepoch/delve/r6117/DES1221+3000/p01/coadd,185.37958800,29.99996300
DES1249-1541,DEC_Taiga/multiepoch/delve/r6117/DES1249-1541/p01/coadd,192.32650000,-15.68892600
DES1712-0707,DEC_Taiga/multiepoch/delve/r6117/DES1712-0707/p01/coadd,258.17298500,-7.12225900
DES1545-3457,DEC_Taiga/multiepoch/delve/r6117/DES1545-3457/p01/coadd,236.44079900,-34.96392600
DES1604-2749,DEC_Taiga/multiepoch/delve/r6117/DES1604-2749/p01/coadd,241.11773000,-27.82503700
DES1606-2832,DEC_Taiga/multiepoch/delve/r6117/DES1606-2832/p01/coadd,241.67688400,-28.53892600
DES1729-1124,DEC_Taiga/multiepoch/delve/r6117/DES1729-1124/p01/coadd,262.38519800,-11.40559300
DES1027-2458,DEC_Taiga/multiepoch/delve/r6117/DES1027-2458/p03/coadd,156.76054900,-24.96948100
DES1634-2124,DEC_Taiga/multiepoch/delve/r6117/DES1634-2124/p01/coadd,248.53715000,-21.40003700
DES1618-3123,DEC_Taiga/multiepoch/delve/r6117/DES1618-3123/p01/coadd,244.51244900,-31.39448100
DES1258-1541,DEC_Taiga/multiepoch/delve/r6117/DES1258-1541/p01/coadd,194.55104400,-15.68892600
DES1442-0124,DEC_Taiga/multiepoch/delve/r6117/DES1442-0124/p01/coadd,220.63717100,-1.41114800
DES1551-1624,DEC_Taiga/multiepoch/delve/r6117/DES1551-1624/p01/coadd,237.97271200,-16.40281500
DES1518+1209,DEC_Taiga/multiepoch/delve/r6117/DES1518+1209/p02/coadd,229.73954500,12.15274100
DES1214+0626,DEC_Taiga/multiepoch/delve/r6117/DES1214+0626/p01/coadd,183.69083600,6.44163000
DES1604+1043,DEC_Taiga/multiepoch/delve/r6117/DES1604+1043/p01/coadd,241.23492000,10.72496300
DES1301+1252,DEC_Taiga/multiepoch/delve/r6117/DES1301+1252/p01/coadd,195.46161600,12.86663000
DES1628+2417,DEC_Taiga/multiepoch/delve/r6117/DES1628+2417/p01/coadd,247.08398200,24.28885200
DES1700-1041,DEC_Taiga/multiepoch/delve/r6117/DES1700-1041/p01/coadd,255.00255200,-10.69170400
DES1722-0915,DEC_Taiga/multiepoch/delve/r6117/DES1722-0915/p02/coadd,260.74839300,-9.26392600
DES1334-3332,DEC_Taiga/multiepoch/delve/r6117/DES1334-3332/p01/coadd,203.62589600,-33.53614800
DES1036-3957,DEC_Taiga/multiepoch/delve/r6117/DES1036-3957/p03/coadd,159.02305500,-39.96114800
DES1608-3749,DEC_Taiga/multiepoch/delve/r6117/DES1608-3749/p02/coadd,242.14577800,-37.81948100
DES1437-1207,DEC_Taiga/multiepoch/delve/r6117/DES1437-1207/p01/coadd,219.47789300,-12.11948100
DES1045+3000,DEC_Taiga/multiepoch/delve/r6117/DES1045+3000/p01/coadd,161.47407900,29.99996300
DES1610+1000,DEC_Taiga/multiepoch/delve/r6117/DES1610+1000/p01/coadd,242.66685000,10.01107400
DES1508-2541,DEC_Taiga/multiepoch/delve/r6117/DES1508-2541/p02/coadd,227.10750400,-25.68337000
DES1557-2124,DEC_Taiga/multiepoch/delve/r6117/DES1557-2124/p02/coadd,239.33612600,-21.40003700
DES1729-1041,DEC_Taiga/multiepoch/delve/r6117/DES1729-1041/p01/coadd,262.26756300,-10.69170400
DES1259+0001,DEC_Taiga/multiepoch/delve/r6117/DES1259+0001/p01/coadd,194.84449300,0.01663000
DES1305+2625,DEC_Taiga/multiepoch/delve/r6117/DES1305+2625/p01/coadd,196.41818800,26.43051900
DES1236+1000,DEC_Taiga/multiepoch/delve/r6117/DES1236+1000/p01/coadd,189.02228300,10.01107400
DES1446+1209,DEC_Taiga/multiepoch/delve/r6117/DES1446+1209/p01/coadd,221.70675000,12.15274100
DES1235-1250,DEC_Taiga/multiepoch/delve/r6117/DES1235-1250/p01/coadd,188.83479200,-12.83337000
DES0718+3000,DEC_Taiga/multiepoch/delve/r6117/DES0718+3000/p01/coadd,109.54142300,29.99996300
DES1625-2915,DEC_Taiga/multiepoch/delve/r6117/DES1625-2915/p01/coadd,246.38591400,-29.25281500
DES1353+0335,DEC_Taiga/multiepoch/delve/r6117/DES1353+0335/p01/coadd,208.26872500,3.58607400
DES1400-1707,DEC_Taiga/multiepoch/delve/r6117/DES1400-1707/p01/coadd,210.05488300,-17.11670400
DES1423+1043,DEC_Taiga/multiepoch/delve/r6117/DES1423+1043/p01/coadd,215.80458400,10.72496300
DES1255-1958,DEC_Taiga/multiepoch/delve/r6117/DES1255-1958/p01/coadd,193.76250200,-19.97225900
DES1310-2958,DEC_Taiga/multiepoch/delve/r6117/DES1310-2958/p01/coadd,197.64961500,-29.96670400
DES0930+3000,DEC_Taiga/multiepoch/delve/r6117/DES0930+3000/p01/coadd,142.51453800,29.99996300
DES1232+2043,DEC_Taiga/multiepoch/delve/r6117/DES1232+2043/p02/coadd,188.24462300,20.71940700
DES1230+1709,DEC_Taiga/multiepoch/delve/r6117/DES1230+1709/p01/coadd,187.69455700,17.14996300
DES1429+1500,DEC_Taiga/multiepoch/delve/r6117/DES1429+1500/p01/coadd,217.29233600,15.00829600
DES1617-3457,DEC_Taiga/multiepoch/delve/r6117/DES1617-3457/p01/coadd,244.28081800,-34.96392600
DES1503-3749,DEC_Taiga/multiepoch/delve/r6117/DES1503-3749/p02/coadd,225.87886300,-37.81948100
DES1737-0833,DEC_Taiga/multiepoch/delve/r6117/DES1737-0833/p01/coadd,264.40537600,-8.55003700
DES1212+0252,DEC_Taiga/multiepoch/delve/r6117/DES1212+0252/p01/coadd,183.04509700,2.87218500
DES1422+0709,DEC_Taiga/multiepoch/delve/r6117/DES1422+0709/p01/coadd,215.74793000,7.15551900
DES1435+0917,DEC_Taiga/multiepoch/delve/r6117/DES1435+0917/p01/coadd,218.82454600,9.29718500
DES1355+0335,DEC_Taiga/multiepoch/delve/r6117/DES1355+0335/p01/coadd,208.98401400,3.58607400
DES1624+1334,DEC_Taiga/multiepoch/delve/r6117/DES1624+1334/p01/coadd,246.22472200,13.58051900
DES1737-0750,DEC_Taiga/multiepoch/delve/r6117/DES1737-0750/p01/coadd,264.49973900,-7.83614800
DES1016+3000,DEC_Taiga/multiepoch/delve/r6117/DES1016+3000/p03/coadd,154.05512800,29.99996300
DES1548-2124,DEC_Taiga/multiepoch/delve/r6117/DES1548-2124/p01/coadd,237.03587000,-21.40003700
DES1306+0500,DEC_Taiga/multiepoch/delve/r6117/DES1306+0500/p01/coadd,196.63603900,5.01385200
DES1308-2541,DEC_Taiga/multiepoch/delve/r6117/DES1308-2541/p01/coadd,197.00576900,-25.68337000
DES1346-1624,DEC_Taiga/multiepoch/delve/r6117/DES1346-1624/p01/coadd,206.71729100,-16.40281500
DES1518+0500,DEC_Taiga/multiepoch/delve/r6117/DES1518+0500/p02/coadd,229.60106700,5.01385200
DES0943-3706,DEC_Taiga/multiepoch/delve/r6117/DES0943-3706/p01/coadd,145.94356800,-37.10559300
DES1347-3706,DEC_Taiga/multiepoch/delve/r6117/DES1347-3706/p01/coadd,206.81240400,-37.10559300
DES1427+1543,DEC_Taiga/multiepoch/delve/r6117/DES1427+1543/p01/coadd,216.84585800,15.72218500
DES1303+0500,DEC_Taiga/multiepoch/delve/r6117/DES1303+0500/p01/coadd,195.91940800,5.01385200
DES1142-2706,DEC_Taiga/multiepoch/delve/r6117/DES1142-2706/p01/coadd,175.65335700,-27.11114800
DES1713-0624,DEC_Taiga/multiepoch/delve/r6117/DES1713-0624/p01/coadd,258.38449600,-6.40837000
DES1255+2417,DEC_Taiga/multiepoch/delve/r6117/DES1255+2417/p01/coadd,193.82523700,24.28885200
DES1159-2249,DEC_Taiga/multiepoch/delve/r6117/DES1159-2249/p01/coadd,179.89813800,-22.82781500
DES1401+0752,DEC_Taiga/multiepoch/delve/r6117/DES1401+0752/p01/coadd,210.47710100,7.86940700
DES1439+2500,DEC_Taiga/multiepoch/delve/r6117/DES1439+2500/p01/coadd,219.84266700,25.00274100
DES1420+1043,DEC_Taiga/multiepoch/delve/r6117/DES1420+1043/p01/coadd,215.07800300,10.72496300
DES1643-2124,DEC_Taiga/multiepoch/delve/r6117/DES1643-2124/p01/coadd,250.83740600,-21.40003700
DES1359+1126,DEC_Taiga/multiepoch/delve/r6117/DES1359+1126/p01/coadd,209.98437200,11.43885200
DES1306+1500,DEC_Taiga/multiepoch/delve/r6117/DES1306+1500/p01/coadd,196.59750900,15.00829600
DES1357-2706,DEC_Taiga/multiepoch/delve/r6117/DES1357-2706/p01/coadd,209.33778600,-27.11114800
DES1435-0833,DEC_Taiga/multiepoch/delve/r6117/DES1435-0833/p01/coadd,218.92492900,-8.55003700
DES1507-3540,DEC_Taiga/multiepoch/delve/r6117/DES1507-3540/p02/coadd,226.98761200,-35.67781500
DES1540+0418,DEC_Taiga/multiepoch/delve/r6117/DES1540+0418/p01/coadd,235.00915300,4.29996300
DES1256-1624,DEC_Taiga/multiepoch/delve/r6117/DES1256-1624/p01/coadd,194.06628800,-16.40281500
DES1403+2834,DEC_Taiga/multiepoch/delve/r6117/DES1403+2834/p01/coadd,210.89065100,28.57218500
DES1604-3249,DEC_Taiga/multiepoch/delve/r6117/DES1604-3249/p01/coadd,241.21082800,-32.82225900
DES1652-1415,DEC_Taiga/multiepoch/delve/r6117/DES1652-1415/p01/coadd,253.09402800,-14.26114800
DES1240+0500,DEC_Taiga/multiepoch/delve/r6117/DES1240+0500/p01/coadd,190.18635900,5.01385200
DES1325-3749,DEC_Taiga/multiepoch/delve/r6117/DES1325-3749/p01/coadd,201.47849100,-37.81948100
DES1721-1207,DEC_Taiga/multiepoch/delve/r6117/DES1721-1207/p01/coadd,260.36700600,-12.11948100
DES1538-3457,DEC_Taiga/multiepoch/delve/r6117/DES1538-3457/p01/coadd,234.69857300,-34.96392600
DES1510+0335,DEC_Taiga/multiepoch/delve/r6117/DES1510+0335/p02/coadd,227.58154100,3.58607400
DES1523-1541,DEC_Taiga/multiepoch/delve/r6117/DES1523-1541/p02/coadd,230.88526000,-15.68892600
DES1351-2124,DEC_Taiga/multiepoch/delve/r6117/DES1351-2124/p01/coadd,207.89929500,-21.40003700
DES1718+1209,DEC_Taiga/multiepoch/delve/r6117/DES1718+1209/p01/coadd,259.67996200,12.15274100
DES1513+0752,DEC_Taiga/multiepoch/delve/r6117/DES1513+0752/p02/coadd,228.49399500,7.86940700
DES1513-1749,DEC_Taiga/multiepoch/delve/r6117/DES1513-1749/p02/coadd,228.46237100,-17.83059300
DES1252+2251,DEC_Taiga/multiepoch/delve/r6117/DES1252+2251/p01/coadd,193.13374600,22.86107400
DES1535-3457,DEC_Taiga/multiepoch/delve/r6117/DES1535-3457/p01/coadd,233.82746000,-34.96392600
DES1257-0833,DEC_Taiga/multiepoch/delve/r6117/DES1257-0833/p01/coadd,194.37992600,-8.55003700
DES1548+2751,DEC_Taiga/multiepoch/delve/r6117/DES1548+2751/p01/coadd,237.18060300,27.85829600
DES1433-1332,DEC_Taiga/multiepoch/delve/r6117/DES1433-1332/p01/coadd,218.27408600,-13.54725900
DES1301+1126,DEC_Taiga/multiepoch/delve/r6117/DES1301+1126/p01/coadd,195.41724500,11.43885200
DES1320+1917,DEC_Taiga/multiepoch/delve/r6117/DES1320+1917/p01/coadd,200.14745900,19.29163000
DES1628-2124,DEC_Taiga/multiepoch/delve/r6117/DES1628-2124/p01/coadd,247.00364600,-21.40003700
DES1452+0626,DEC_Taiga/multiepoch/delve/r6117/DES1452+0626/p02/coadd,223.20418800,6.44163000
DES1353+0043,DEC_Taiga/multiepoch/delve/r6117/DES1353+0043/p01/coadd,208.43222300,0.73051900
DES1010-3749,DEC_Taiga/multiepoch/delve/r6117/DES1010-3749/p03/coadd,152.67774600,-37.81948100
DES1441+2417,DEC_Taiga/multiepoch/delve/r6117/DES1441+2417/p01/coadd,220.45461000,24.28885200
DES1624-1958,DEC_Taiga/multiepoch/delve/r6117/DES1624-1958/p01/coadd,246.17288400,-19.97225900
DES1112+3000,DEC_Taiga/multiepoch/delve/r6117/DES1112+3000/p03/coadd,168.06870200,29.99996300
DES1400+2834,DEC_Taiga/multiepoch/delve/r6117/DES1400+2834/p01/coadd,210.07776400,28.57218500
DES1238-2832,DEC_Taiga/multiepoch/delve/r6117/DES1238-2832/p01/coadd,189.66863100,-28.53892600
DES1507-3457,DEC_Taiga/multiepoch/delve/r6117/DES1507-3457/p02/coadd,226.85855500,-34.96392600
DES1443+1043,DEC_Taiga/multiepoch/delve/r6117/DES1443+1043/p01/coadd,220.89065100,10.72496300
DES1634-0207,DEC_Taiga/multiepoch/delve/r6117/DES1634-0207/p01/coadd,248.61557200,-2.12503700
DES1405-3249,DEC_Taiga/multiepoch/delve/r6117/DES1405-3249/p01/coadd,211.47807400,-32.82225900
DES1447-3914,DEC_Taiga/multiepoch/delve/r6117/DES1447-3914/p02/coadd,221.97040100,-39.24725900
DES1305+2543,DEC_Taiga/multiepoch/delve/r6117/DES1305+2543/p01/coadd,196.29236600,25.71663000
DES1532+0252,DEC_Taiga/multiepoch/delve/r6117/DES1532+0252/p02/coadd,233.08017500,2.87218500
DES1600+2000,DEC_Taiga/multiepoch/delve/r6117/DES1600+2000/p01/coadd,240.16512200,20.00551900
DES1402+0001,DEC_Taiga/multiepoch/delve/r6117/DES1402+0001/p02/coadd,210.55005000,0.01663000
DES1634-1832,DEC_Taiga/multiepoch/delve/r6117/DES1634-1832/p01/coadd,248.57283800,-18.54448100
DES1255+0335,DEC_Taiga/multiepoch/delve/r6117/DES1255+0335/p01/coadd,193.96293500,3.58607400
DES1349-2623,DEC_Taiga/multiepoch/delve/r6117/DES1349-2623/p01/coadd,207.49471300,-26.39725900
DES1503+1043,DEC_Taiga/multiepoch/delve/r6117/DES1503+1043/p02/coadd,225.97671800,10.72496300
DES1649-1415,DEC_Taiga/multiepoch/delve/r6117/DES1649-1415/p01/coadd,252.35743900,-14.26114800
DES1714-0915,DEC_Taiga/multiepoch/delve/r6117/DES1714-0915/p01/coadd,258.57842400,-9.26392600
DES1646-2124,DEC_Taiga/multiepoch/delve/r6117/DES1646-2124/p01/coadd,251.60415800,-21.40003700
DES1324+2043,DEC_Taiga/multiepoch/delve/r6117/DES1324+2043/p01/coadd,201.21992400,20.71940700
DES1432+1000,DEC_Taiga/multiepoch/delve/r6117/DES1432+1000/p01/coadd,218.01934600,10.01107400
DES1241+1043,DEC_Taiga/multiepoch/delve/r6117/DES1241+1043/p01/coadd,190.37424800,10.72496300
DES1427-1541,DEC_Taiga/multiepoch/delve/r6117/DES1427-1541/p01/coadd,216.79648200,-15.68892600
DES1726-1124,DEC_Taiga/multiepoch/delve/r6117/DES1726-1124/p01/coadd,261.65692700,-11.40559300
DES1657+1334,DEC_Taiga/multiepoch/delve/r6117/DES1657+1334/p01/coadd,254.30337300,13.58051900
DES1402-2623,DEC_Taiga/multiepoch/delve/r6117/DES1402-2623/p01/coadd,210.68266600,-26.39725900
DES1321+2625,DEC_Taiga/multiepoch/delve/r6117/DES1321+2625/p01/coadd,200.40428100,26.43051900
DES1507-3415,DEC_Taiga/multiepoch/delve/r6117/DES1507-3415/p02/coadd,226.77972600,-34.25003700
DES1603+0709,DEC_Taiga/multiepoch/delve/r6117/DES1603+0709/p01/coadd,240.93017000,7.15551900
DES1646-1749,DEC_Taiga/multiepoch/delve/r6117/DES1646-1749/p01/coadd,251.70957700,-17.83059300
DES1107-3332,DEC_Taiga/multiepoch/delve/r6117/DES1107-3332/p03/coadd,166.79826500,-33.53614800
DES1719-0624,DEC_Taiga/multiepoch/delve/r6117/DES1719-0624/p01/coadd,259.82125100,-6.40837000
DES1304+2500,DEC_Taiga/multiepoch/delve/r6117/DES1304+2500/p01/coadd,196.21145500,25.00274100
DES1702+0043,DEC_Taiga/multiepoch/delve/r6117/DES1702+0043/p01/coadd,255.55272000,0.73051900
DES1305-0207,DEC_Taiga/multiepoch/delve/r6117/DES1305-0207/p01/coadd,196.46582000,-2.12503700
DES1108-2958,DEC_Taiga/multiepoch/delve/r6117/DES1108-2958/p01/coadd,167.15972000,-29.96670400
DES1400+1000,DEC_Taiga/multiepoch/delve/r6117/DES1400+1000/p02/coadd,210.04515400,10.01107400
DES1650-2206,DEC_Taiga/multiepoch/delve/r6117/DES1650-2206/p01/coadd,252.51159900,-22.11392600
DES1351+1543,DEC_Taiga/multiepoch/delve/r6117/DES1351+1543/p01/coadd,207.94622600,15.72218500
DES1224+3000,DEC_Taiga/multiepoch/delve/r6117/DES1224+3000/p01/coadd,186.20391600,29.99996300
DES1405-0207,DEC_Taiga/multiepoch/delve/r6117/DES1405-0207/p01/coadd,211.46780400,-2.12503700
DES0939-3457,DEC_Taiga/multiepoch/delve/r6117/DES0939-3457/p01/coadd,144.97391800,-34.96392600
DES0941-3749,DEC_Taiga/multiepoch/delve/r6117/DES0941-3749/p01/coadd,145.44800600,-37.81948100
DES1513+1252,DEC_Taiga/multiepoch/delve/r6117/DES1513+1252/p02/coadd,228.41402100,12.86663000
DES1608+0209,DEC_Taiga/multiepoch/delve/r6117/DES1608+0209/p01/coadd,242.19326900,2.15829600
DES1631-2124,DEC_Taiga/multiepoch/delve/r6117/DES1631-2124/p01/coadd,247.77039800,-21.40003700
DES1302-2706,DEC_Taiga/multiepoch/delve/r6117/DES1302-2706/p01/coadd,195.70361300,-27.11114800
DES1736-0624,DEC_Taiga/multiepoch/delve/r6117/DES1736-0624/p01/coadd,264.13151700,-6.40837000
DES1737-0958,DEC_Taiga/multiepoch/delve/r6117/DES1737-0958/p01/coadd,264.37882600,-9.97781500
DES1505-1707,DEC_Taiga/multiepoch/delve/r6117/DES1505-1707/p02/coadd,226.48831800,-17.11670400
DES1313+1252,DEC_Taiga/multiepoch/delve/r6117/DES1313+1252/p01/coadd,198.39071900,12.86663000
DES1226+1751,DEC_Taiga/multiepoch/delve/r6117/DES1226+1751/p01/coadd,186.51827200,17.86385200
DES0941-3332,DEC_Taiga/multiepoch/delve/r6117/DES0941-3332/p01/coadd,145.38685100,-33.53614800
DES1104-2541,DEC_Taiga/multiepoch/delve/r6117/DES1104-2541/p01/coadd,166.11188300,-25.68337000
DES1405-2623,DEC_Taiga/multiepoch/delve/r6117/DES1405-2623/p01/coadd,211.47965400,-26.39725900
DES1726-0833,DEC_Taiga/multiepoch/delve/r6117/DES1726-0833/p01/coadd,261.51772800,-8.55003700
DES0945-3749,DEC_Taiga/multiepoch/delve/r6117/DES0945-3749/p01/coadd,146.35172400,-37.81948100
DES1607+0335,DEC_Taiga/multiepoch/delve/r6117/DES1607+0335/p01/coadd,241.88733100,3.58607400
DES1336-1832,DEC_Taiga/multiepoch/delve/r6117/DES1336-1832/p01/coadd,204.14666400,-18.54448100
DES1301+2543,DEC_Taiga/multiepoch/delve/r6117/DES1301+2543/p01/coadd,195.49999300,25.71663000
DES1228+0043,DEC_Taiga/multiepoch/delve/r6117/DES1228+0043/p01/coadd,187.01381500,0.73051900
DES1644-2249,DEC_Taiga/multiepoch/delve/r6117/DES1644-2249/p01/coadd,251.15727600,-22.82781500
DES1301-1749,DEC_Taiga/multiepoch/delve/r6117/DES1301-1749/p01/coadd,195.46633600,-17.83059300
DES1548-1624,DEC_Taiga/multiepoch/delve/r6117/DES1548-1624/p01/coadd,237.22853500,-16.40281500
DES1602-3415,DEC_Taiga/multiepoch/delve/r6117/DES1602-3415/p01/coadd,240.59821600,-34.25003700
DES1403-2249,DEC_Taiga/multiepoch/delve/r6117/DES1403-2249/p01/coadd,210.88037200,-22.82781500
DES1558-1749,DEC_Taiga/multiepoch/delve/r6117/DES1558-1749/p01/coadd,239.71101900,-17.83059300
DES1633-1915,DEC_Taiga/multiepoch/delve/r6117/DES1633-1915/p01/coadd,248.48659300,-19.25837000
DES1605-0541,DEC_Taiga/multiepoch/delve/r6117/DES1605-0541/p01/coadd,241.43035100,-5.69448100
DES1559-0041,DEC_Taiga/multiepoch/delve/r6117/DES1559-0041/p01/coadd,239.84353300,-0.69725900
DES1224-0333,DEC_Taiga/multiepoch/delve/r6117/DES1224-0333/p01/coadd,186.08491300,-3.55281500
DES1532+0500,DEC_Taiga/multiepoch/delve/r6117/DES1532+0500/p02/coadd,233.18422200,5.01385200
DES1621+2043,DEC_Taiga/multiepoch/delve/r6117/DES1621+2043/p01/coadd,245.48860000,20.71940700
DES1220-0458,DEC_Taiga/multiepoch/delve/r6117/DES1220-0458/p01/coadd,185.15619900,-4.98059300
DES1625-3332,DEC_Taiga/multiepoch/delve/r6117/DES1625-3332/p01/coadd,246.44872200,-33.53614800
DES1104-4206,DEC_Taiga/multiepoch/delve/r6117/DES1104-4206/p01/coadd,166.13108700,-42.10281500
DES1317-0458,DEC_Taiga/multiepoch/delve/r6117/DES1317-0458/p01/coadd,199.48809100,-4.98059300
DES1346+0252,DEC_Taiga/multiepoch/delve/r6117/DES1346+0252/p01/coadd,206.63306200,2.87218500
DES1244-1250,DEC_Taiga/multiepoch/delve/r6117/DES1244-1250/p01/coadd,191.03132800,-12.83337000
DES1535+1000,DEC_Taiga/multiepoch/delve/r6117/DES1535+1000/p02/coadd,233.96773100,10.01107400
DES1559-0541,DEC_Taiga/multiepoch/delve/r6117/DES1559-0541/p01/coadd,239.99549300,-5.69448100
DES1535+1417,DEC_Taiga/multiepoch/delve/r6117/DES1535+1417/p01/coadd,233.98995800,14.29440700
DES1541-0624,DEC_Taiga/multiepoch/delve/r6117/DES1541-0624/p01/coadd,235.39641500,-6.40837000
DES1202+2043,DEC_Taiga/multiepoch/delve/r6117/DES1202+2043/p01/coadd,180.61209300,20.71940700
DES1218+1043,DEC_Taiga/multiepoch/delve/r6117/DES1218+1043/p01/coadd,184.56160000,10.72496300
DES1643-1915,DEC_Taiga/multiepoch/delve/r6117/DES1643-1915/p01/coadd,250.75520900,-19.25837000
DES1624+0500,DEC_Taiga/multiepoch/delve/r6117/DES1624+0500/p01/coadd,246.08358100,5.01385200
DES1443-2749,DEC_Taiga/multiepoch/delve/r6117/DES1443-2749/p01/coadd,220.93718000,-27.82503700
DES1217-2623,DEC_Taiga/multiepoch/delve/r6117/DES1217-2623/p01/coadd,184.38205500,-26.39725900
DES1201-2124,DEC_Taiga/multiepoch/delve/r6117/DES1201-2124/p03/coadd,180.29622400,-21.40003700
DES1430+0001,DEC_Taiga/multiepoch/delve/r6117/DES1430+0001/p01/coadd,217.68893900,0.01663000
DES0916+3000,DEC_Taiga/multiepoch/delve/r6117/DES0916+3000/p01/coadd,139.21722700,29.99996300
DES1217-1332,DEC_Taiga/multiepoch/delve/r6117/DES1217-1332/p01/coadd,184.49537800,-13.54725900
DES1242-1707,DEC_Taiga/multiepoch/delve/r6117/DES1242-1707/p01/coadd,190.63355200,-17.11670400
DES1656-0958,DEC_Taiga/multiepoch/delve/r6117/DES1656-0958/p01/coadd,254.23089400,-9.97781500
DES1450-3832,DEC_Taiga/multiepoch/delve/r6117/DES1450-3832/p02/coadd,222.55112200,-38.53337000
DES1445-3957,DEC_Taiga/multiepoch/delve/r6117/DES1445-3957/p02/coadd,221.42588500,-39.96114800
DES1523+0252,DEC_Taiga/multiepoch/delve/r6117/DES1523+0252/p02/coadd,230.93581500,2.87218500
DES1742-0624,DEC_Taiga/multiepoch/delve/r6117/DES1742-0624/p01/coadd,265.56827200,-6.40837000
DES1236-2915,DEC_Taiga/multiepoch/delve/r6117/DES1236-2915/p01/coadd,189.10934400,-29.25281500
DES1612+0500,DEC_Taiga/multiepoch/delve/r6117/DES1612+0500/p01/coadd,243.21705700,5.01385200
DES1628-1832,DEC_Taiga/multiepoch/delve/r6117/DES1628-1832/p01/coadd,247.06686600,-18.54448100
DES1303+1834,DEC_Taiga/multiepoch/delve/r6117/DES1303+1834/p01/coadd,195.91869000,18.57774100
DES1002-3040,DEC_Taiga/multiepoch/delve/r6117/DES1002-3040/p03/coadd,150.74241000,-30.68059300
DES1512+0252,DEC_Taiga/multiepoch/delve/r6117/DES1512+0252/p02/coadd,228.07666700,2.87218500
DES1245-2332,DEC_Taiga/multiepoch/delve/r6117/DES1245-2332/p01/coadd,191.43861900,-23.54170400
DES1314-1415,DEC_Taiga/multiepoch/delve/r6117/DES1314-1415/p01/coadd,198.58650000,-14.26114800
DES1636-0124,DEC_Taiga/multiepoch/delve/r6117/DES1636-0124/p01/coadd,249.20138900,-1.41114800
DES1419-2249,DEC_Taiga/multiepoch/delve/r6117/DES1419-2249/p01/coadd,214.75315100,-22.82781500
DES0944-3540,DEC_Taiga/multiepoch/delve/r6117/DES0944-3540/p01/coadd,146.13449600,-35.67781500
DES1029+3000,DEC_Taiga/multiepoch/delve/r6117/DES1029+3000/p01/coadd,157.35244000,29.99996300
DES1259-2706,DEC_Taiga/multiepoch/delve/r6117/DES1259-2706/p01/coadd,194.90160200,-27.11114800
DES1215+0252,DEC_Taiga/multiepoch/delve/r6117/DES1215+0252/p01/coadd,183.75988400,2.87218500
DES1442-3832,DEC_Taiga/multiepoch/delve/r6117/DES1442-3832/p02/coadd,220.72589400,-38.53337000
DES1648-1332,DEC_Taiga/multiepoch/delve/r6117/DES1648-1332/p01/coadd,252.05279300,-13.54725900
DES1225-0416,DEC_Taiga/multiepoch/delve/r6117/DES1225-0416/p01/coadd,186.31585400,-4.26670400
DES1537-0541,DEC_Taiga/multiepoch/delve/r6117/DES1537-0541/p01/coadd,234.25605900,-5.69448100
DES1655-1958,DEC_Taiga/multiepoch/delve/r6117/DES1655-1958/p01/coadd,253.76859100,-19.97225900
DES1247+1252,DEC_Taiga/multiepoch/delve/r6117/DES1247+1252/p01/coadd,191.80023800,12.86663000
DES1022-2915,DEC_Taiga/multiepoch/delve/r6117/DES1022-2915/p01/coadd,155.56163800,-29.25281500
DES0847+3000,DEC_Taiga/multiepoch/delve/r6117/DES0847+3000/p01/coadd,131.79827600,29.99996300
DES1244+1126,DEC_Taiga/multiepoch/delve/r6117/DES1244+1126/p01/coadd,191.04710700,11.43885200
DES1349-3206,DEC_Taiga/multiepoch/delve/r6117/DES1349-3206/p01/coadd,207.45151200,-32.10837000
DES1059+3000,DEC_Taiga/multiepoch/delve/r6117/DES1059+3000/p01/coadd,164.77139100,29.99996300
DES1355-0333,DEC_Taiga/multiepoch/delve/r6117/DES1355-0333/p01/coadd,208.97334600,-3.55281500
DES1411-0207,DEC_Taiga/multiepoch/delve/r6117/DES1411-0207/p01/coadd,212.89656400,-2.12503700
DES1715-0707,DEC_Taiga/multiepoch/delve/r6117/DES1715-0707/p01/coadd,258.89242600,-7.12225900
DES1214+2334,DEC_Taiga/multiepoch/delve/r6117/DES1214+2334/p01/coadd,183.71977400,23.57496300
DES1311+1417,DEC_Taiga/multiepoch/delve/r6117/DES1311+1417/p01/coadd,197.89179200,14.29440700
DES1445-2832,DEC_Taiga/multiepoch/delve/r6117/DES1445-2832/p01/coadd,221.36116000,-28.53892600
DES1348-3249,DEC_Taiga/multiepoch/delve/r6117/DES1348-3249/p02/coadd,207.23053800,-32.82225900
DES1236-2249,DEC_Taiga/multiepoch/delve/r6117/DES1236-2249/p01/coadd,189.19280900,-22.82781500
DES1338-0333,DEC_Taiga/multiepoch/delve/r6117/DES1338-0333/p01/coadd,204.68176500,-3.55281500
DES1615-1624,DEC_Taiga/multiepoch/delve/r6117/DES1615-1624/p01/coadd,243.92612500,-16.40281500
DES1721-0707,DEC_Taiga/multiepoch/delve/r6117/DES1721-0707/p01/coadd,260.33130600,-7.12225900
DES1328+1543,DEC_Taiga/multiepoch/delve/r6117/DES1328+1543/p01/coadd,202.01313900,15.72218500
DES1613+0335,DEC_Taiga/multiepoch/delve/r6117/DES1613+0335/p01/coadd,243.31791000,3.58607400
DES1251-0833,DEC_Taiga/multiepoch/delve/r6117/DES1251-0833/p01/coadd,192.93610200,-8.55003700
DES1417-1041,DEC_Taiga/multiepoch/delve/r6117/DES1417-1041/p01/coadd,214.31849000,-10.69170400
DES1101-2915,DEC_Taiga/multiepoch/delve/r6117/DES1101-2915/p01/coadd,165.38047900,-29.25281500
DES1737-0915,DEC_Taiga/multiepoch/delve/r6117/DES1737-0915/p01/coadd,264.36500800,-9.26392600
DES1203+0252,DEC_Taiga/multiepoch/delve/r6117/DES1203+0252/p03/coadd,180.90073700,2.87218500
DES1613+1043,DEC_Taiga/multiepoch/delve/r6117/DES1613+1043/p01/coadd,243.41466300,10.72496300
DES1603+2000,DEC_Taiga/multiepoch/delve/r6117/DES1603+2000/p01/coadd,240.92485400,20.00551900
DES1631+0209,DEC_Taiga/multiepoch/delve/r6117/DES1631+0209/p01/coadd,247.90843500,2.15829600
DES1501-3832,DEC_Taiga/multiepoch/delve/r6117/DES1501-3832/p02/coadd,225.28896600,-38.53337000
DES1510-0333,DEC_Taiga/multiepoch/delve/r6117/DES1510-0333/p02/coadd,227.57019700,-3.55281500
DES1640+1209,DEC_Taiga/multiepoch/delve/r6117/DES1640+1209/p01/coadd,250.18665900,12.15274100
DES1244-3457,DEC_Taiga/multiepoch/delve/r6117/DES1244-3457/p01/coadd,191.14291500,-34.96392600
DES1552-0458,DEC_Taiga/multiepoch/delve/r6117/DES1552-0458/p01/coadd,238.18419900,-4.98059300
DES1601-3332,DEC_Taiga/multiepoch/delve/r6117/DES1601-3332/p01/coadd,240.45352600,-33.53614800
DES1256+2625,DEC_Taiga/multiepoch/delve/r6117/DES1256+2625/p01/coadd,194.02653300,26.43051900
DES1425-0416,DEC_Taiga/multiepoch/delve/r6117/DES1425-0416/p01/coadd,216.38251500,-4.26670400
DES1512+1126,DEC_Taiga/multiepoch/delve/r6117/DES1512+1126/p02/coadd,228.19328200,11.43885200
DES1732-1124,DEC_Taiga/multiepoch/delve/r6117/DES1732-1124/p01/coadd,263.11346800,-11.40559300
DES1307-1250,DEC_Taiga/multiepoch/delve/r6117/DES1307-1250/p01/coadd,196.88875600,-12.83337000
DES1401-3623,DEC_Taiga/multiepoch/delve/r6117/DES1401-3623/p01/coadd,210.31790500,-36.39170400
DES1429+0626,DEC_Taiga/multiepoch/delve/r6117/DES1429+0626/p01/coadd,217.45679200,6.44163000
DES1734-0958,DEC_Taiga/multiepoch/delve/r6117/DES1734-0958/p01/coadd,263.65397300,-9.97781500
DES1715+0709,DEC_Taiga/multiepoch/delve/r6117/DES1715+0709/p01/coadd,258.91748400,7.15551900
DES1419-0041,DEC_Taiga/multiepoch/delve/r6117/DES1419-0041/p01/coadd,214.85557100,-0.69725900
DES1600-2124,DEC_Taiga/multiepoch/delve/r6117/DES1600-2124/p01/coadd,240.10287800,-21.40003700
DES1643-1207,DEC_Taiga/multiepoch/delve/r6117/DES1643-1207/p01/coadd,250.87489000,-12.11948100
DES1350-3706,DEC_Taiga/multiepoch/delve/r6117/DES1350-3706/p01/coadd,207.70753300,-37.10559300
DES1227+1834,DEC_Taiga/multiepoch/delve/r6117/DES1227+1834/p02/coadd,186.88109300,18.57774100
DES1042-2541,DEC_Taiga/multiepoch/delve/r6117/DES1042-2541/p03/coadd,160.56682600,-25.68337000
DES1610+0917,DEC_Taiga/multiepoch/delve/r6117/DES1610+0917/p01/coadd,242.69647100,9.29718500
DES1339-2458,DEC_Taiga/multiepoch/delve/r6117/DES1339-2458/p01/coadd,204.79765400,-24.96948100
DES1449+1209,DEC_Taiga/multiepoch/delve/r6117/DES1449+1209/p02/coadd,222.43700400,12.15274100
DES1630-2041,DEC_Taiga/multiepoch/delve/r6117/DES1630-2041/p01/coadd,247.70520000,-20.68614800
DES1255-2206,DEC_Taiga/multiepoch/delve/r6117/DES1255-2206/p01/coadd,193.94794900,-22.11392600
DES1028-2749,DEC_Taiga/multiepoch/delve/r6117/DES1028-2749/p01/coadd,157.16664200,-27.82503700
DES1607+1000,DEC_Taiga/multiepoch/delve/r6117/DES1607+1000/p01/coadd,241.94192400,10.01107400
DES1728-0915,DEC_Taiga/multiepoch/delve/r6117/DES1728-0915/p01/coadd,262.19503900,-9.26392600
DES1629-1707,DEC_Taiga/multiepoch/delve/r6117/DES1629-1707/p01/coadd,247.40359800,-17.11670400
DES1431-1041,DEC_Taiga/multiepoch/delve/r6117/DES1431-1041/p01/coadd,217.95099600,-10.69170400
DES1444+2417,DEC_Taiga/multiepoch/delve/r6117/DES1444+2417/p01/coadd,221.23782700,24.28885200
DES1236+0418,DEC_Taiga/multiepoch/delve/r6117/DES1236+0418/p01/coadd,189.19129300,4.29996300
DES1306-2749,DEC_Taiga/multiepoch/delve/r6117/DES1306-2749/p01/coadd,196.72052000,-27.82503700
DES1517+1334,DEC_Taiga/multiepoch/delve/r6117/DES1517+1334/p02/coadd,229.33299800,13.58051900
DES1440-2749,DEC_Taiga/multiepoch/delve/r6117/DES1440-2749/p01/coadd,220.12995800,-27.82503700
DES1446+0709,DEC_Taiga/multiepoch/delve/r6117/DES1446+0709/p01/coadd,221.50387100,7.15551900
DES0751+3000,DEC_Taiga/multiepoch/delve/r6117/DES0751+3000/p01/coadd,117.78470200,29.99996300
DES1412-0250,DEC_Taiga/multiepoch/delve/r6117/DES1412-0250/p01/coadd,213.05749400,-2.83892600
DES1436+2500,DEC_Taiga/multiepoch/delve/r6117/DES1436+2500/p01/coadd,219.05496000,25.00274100
DES1335+0252,DEC_Taiga/multiepoch/delve/r6117/DES1335+0252/p01/coadd,203.77391500,2.87218500
DES1306+1834,DEC_Taiga/multiepoch/delve/r6117/DES1306+1834/p01/coadd,196.67182300,18.57774100
DES1002-3332,DEC_Taiga/multiepoch/delve/r6117/DES1002-3332/p01/coadd,150.52559100,-33.53614800
DES1319-0416,DEC_Taiga/multiepoch/delve/r6117/DES1319-0416/p01/coadd,199.91743900,-4.26670400
DES1405-3040,DEC_Taiga/multiepoch/delve/r6117/DES1405-3040/p01/coadd,211.33816000,-30.68059300
DES1254-0833,DEC_Taiga/multiepoch/delve/r6117/DES1254-0833/p01/coadd,193.65801400,-8.55003700
DES1315-0333,DEC_Taiga/multiepoch/delve/r6117/DES1315-0333/p01/coadd,198.95965600,-3.55281500
DES1423+1209,DEC_Taiga/multiepoch/delve/r6117/DES1423+1209/p01/coadd,215.86471700,12.15274100
DES1055+3000,DEC_Taiga/multiepoch/delve/r6117/DES1055+3000/p01/coadd,163.94706300,29.99996300
DES1614-3123,DEC_Taiga/multiepoch/delve/r6117/DES1614-3123/p02/coadd,243.67612300,-31.39448100
DES1305+1751,DEC_Taiga/multiepoch/delve/r6117/DES1305+1751/p01/coadd,196.26892700,17.86385200
DES1332-3206,DEC_Taiga/multiepoch/delve/r6117/DES1332-3206/p01/coadd,203.23751400,-32.10837000
DES1453+0752,DEC_Taiga/multiepoch/delve/r6117/DES1453+0752/p02/coadd,223.44926500,7.86940700
DES1010-3123,DEC_Taiga/multiepoch/delve/r6117/DES1010-3123/p03/coadd,152.51660000,-31.39448100
DES1446+1126,DEC_Taiga/multiepoch/delve/r6117/DES1446+1126/p01/coadd,221.63807500,11.43885200
DES1441-3957,DEC_Taiga/multiepoch/delve/r6117/DES1441-3957/p02/coadd,220.49449900,-39.96114800
DES1312+1709,DEC_Taiga/multiepoch/delve/r6117/DES1312+1709/p01/coadd,198.15407300,17.14996300
DES1335-3249,DEC_Taiga/multiepoch/delve/r6117/DES1335-3249/p01/coadd,203.83250900,-32.82225900
DES1631-2415,DEC_Taiga/multiepoch/delve/r6117/DES1631-2415/p01/coadd,247.77988500,-24.25559300
DES1357-1707,DEC_Taiga/multiepoch/delve/r6117/DES1357-1707/p01/coadd,209.30790900,-17.11670400
DES1304+1126,DEC_Taiga/multiepoch/delve/r6117/DES1304+1126/p01/coadd,196.14560100,11.43885200
DES1230-3457,DEC_Taiga/multiepoch/delve/r6117/DES1230-3457/p01/coadd,187.65846300,-34.96392600
DES1255+1126,DEC_Taiga/multiepoch/delve/r6117/DES1255+1126/p01/coadd,193.96053200,11.43885200
DES1628-1749,DEC_Taiga/multiepoch/delve/r6117/DES1628-1749/p01/coadd,247.21011800,-17.83059300
DES1545+2126,DEC_Taiga/multiepoch/delve/r6117/DES1545+2126/p01/coadd,236.34243700,21.43329600
DES1311+1334,DEC_Taiga/multiepoch/delve/r6117/DES1311+1334/p01/coadd,197.75281700,13.58051900
DES1338-3249,DEC_Taiga/multiepoch/delve/r6117/DES1338-3249/p01/coadd,204.68201600,-32.82225900
DES1232+1209,DEC_Taiga/multiepoch/delve/r6117/DES1232+1209/p01/coadd,188.11506200,12.15274100
DES1411-0124,DEC_Taiga/multiepoch/delve/r6117/DES1411-0124/p01/coadd,212.78201100,-1.41114800
DES1202-3457,DEC_Taiga/multiepoch/delve/r6117/DES1202-3457/p01/coadd,180.68955800,-34.96392600
DES1350+0335,DEC_Taiga/multiepoch/delve/r6117/DES1350+0335/p01/coadd,207.55343600,3.58607400
DES1300+1834,DEC_Taiga/multiepoch/delve/r6117/DES1300+1834/p02/coadd,195.16555700,18.57774100
DES1401-1958,DEC_Taiga/multiepoch/delve/r6117/DES1401-1958/p02/coadd,210.47305900,-19.97225900
DES0834+3000,DEC_Taiga/multiepoch/delve/r6117/DES0834+3000/p01/coadd,128.50096400,29.99996300
DES1320-0458,DEC_Taiga/multiepoch/delve/r6117/DES1320-0458/p01/coadd,200.20468500,-4.98059300
DES1445+2500,DEC_Taiga/multiepoch/delve/r6117/DES1445+2500/p01/coadd,221.41808100,25.00274100
DES1557-2041,DEC_Taiga/multiepoch/delve/r6117/DES1557-2041/p02/coadd,239.31126300,-20.68614800
DES1257+0500,DEC_Taiga/multiepoch/delve/r6117/DES1257+0500/p01/coadd,194.48614600,5.01385200
DES1257-1707,DEC_Taiga/multiepoch/delve/r6117/DES1257-1707/p01/coadd,194.36842300,-17.11670400
DES1603+2043,DEC_Taiga/multiepoch/delve/r6117/DES1603+2043/p01/coadd,240.90908200,20.71940700
DES1123-4249,DEC_Taiga/multiepoch/delve/r6117/DES1123-4249/p03/coadd,170.95715700,-42.81670400
DES1451+0709,DEC_Taiga/multiepoch/delve/r6117/DES1451+0709/p02/coadd,222.94285600,7.15551900
DES1631+0917,DEC_Taiga/multiepoch/delve/r6117/DES1631+0917/p01/coadd,247.76021300,9.29718500
DES1441+2334,DEC_Taiga/multiepoch/delve/r6117/DES1441+2334/p01/coadd,220.32796900,23.57496300
DES1101-4123,DEC_Taiga/multiepoch/delve/r6117/DES1101-4123/p03/coadd,165.25723700,-41.38892600
DES1506-2915,DEC_Taiga/multiepoch/delve/r6117/DES1506-2915/p02/coadd,226.74823300,-29.25281500
DES1624-2041,DEC_Taiga/multiepoch/delve/r6117/DES1624-2041/p01/coadd,246.17903000,-20.68614800
DES1631-2206,DEC_Taiga/multiepoch/delve/r6117/DES1631-2206/p01/coadd,247.88815300,-22.11392600
DES1305-0707,DEC_Taiga/multiepoch/delve/r6117/DES1305-0707/p01/coadd,196.30113300,-7.12225900
DES1351-2458,DEC_Taiga/multiepoch/delve/r6117/DES1351-2458/p01/coadd,207.94762800,-24.96948100
DES0801+3000,DEC_Taiga/multiepoch/delve/r6117/DES0801+3000/p01/coadd,120.25768500,29.99996300
DES1627-2041,DEC_Taiga/multiepoch/delve/r6117/DES1627-2041/p01/coadd,246.94211500,-20.68614800
DES1655-2041,DEC_Taiga/multiepoch/delve/r6117/DES1655-2041/p01/coadd,253.80988200,-20.68614800
DES1735-0750,DEC_Taiga/multiepoch/delve/r6117/DES1735-0750/p01/coadd,263.77912100,-7.83614800
DES1359+0418,DEC_Taiga/multiepoch/delve/r6117/DES1359+0418/p01/coadd,209.95251100,4.29996300
DES1424+0752,DEC_Taiga/multiepoch/delve/r6117/DES1424+0752/p01/coadd,216.24250700,7.86940700
DES1259+2625,DEC_Taiga/multiepoch/delve/r6117/DES1259+2625/p01/coadd,194.82375100,26.43051900
DES1722-0624,DEC_Taiga/multiepoch/delve/r6117/DES1722-0624/p01/coadd,260.53962900,-6.40837000
DES1259+2708,DEC_Taiga/multiepoch/delve/r6117/DES1259+2708/p01/coadd,194.98504400,27.14440700
DES1529+0252,DEC_Taiga/multiepoch/delve/r6117/DES1529+0252/p02/coadd,232.36538800,2.87218500
DES1738-0707,DEC_Taiga/multiepoch/delve/r6117/DES1738-0707/p01/coadd,264.64794700,-7.12225900
DES1727-0707,DEC_Taiga/multiepoch/delve/r6117/DES1727-0707/p01/coadd,261.77018600,-7.12225900
DES1219+0543,DEC_Taiga/multiepoch/delve/r6117/DES1219+0543/p01/coadd,184.76913500,5.72774100
DES1659-0958,DEC_Taiga/multiepoch/delve/r6117/DES1659-0958/p01/coadd,254.95574600,-9.97781500
DES1235-1332,DEC_Taiga/multiepoch/delve/r6117/DES1235-1332/p01/coadd,188.90129700,-13.54725900
DES1733-0624,DEC_Taiga/multiepoch/delve/r6117/DES1733-0624/p01/coadd,263.41313900,-6.40837000
DES1300-1707,DEC_Taiga/multiepoch/delve/r6117/DES1300-1707/p01/coadd,195.11539700,-17.11670400
DES1550-3540,DEC_Taiga/multiepoch/delve/r6117/DES1550-3540/p01/coadd,237.53367000,-35.67781500
DES1410-0333,DEC_Taiga/multiepoch/delve/r6117/DES1410-0333/p01/coadd,212.54966300,-3.55281500
DES1702+0126,DEC_Taiga/multiepoch/delve/r6117/DES1702+0126/p01/coadd,255.63327800,1.44440700
DES1734-1041,DEC_Taiga/multiepoch/delve/r6117/DES1734-1041/p01/coadd,263.72056500,-10.69170400
DES1620-3457,DEC_Taiga/multiepoch/delve/r6117/DES1620-3457/p02/coadd,245.15193100,-34.96392600
DES1159+2043,DEC_Taiga/multiepoch/delve/r6117/DES1159+2043/p01/coadd,179.84884000,20.71940700
DES1307-2958,DEC_Taiga/multiepoch/delve/r6117/DES1307-2958/p01/coadd,196.82556400,-29.96670400
DES1219-0416,DEC_Taiga/multiepoch/delve/r6117/DES1219-0416/p01/coadd,184.88410900,-4.26670400
DES1246-1124,DEC_Taiga/multiepoch/delve/r6117/DES1246-1124/p01/coadd,191.74293200,-11.40559300
DES1222-1541,DEC_Taiga/multiepoch/delve/r6117/DES1222-1541/p01/coadd,185.65286900,-15.68892600
DES1409+0500,DEC_Taiga/multiepoch/delve/r6117/DES1409+0500/p02/coadd,212.40192200,5.01385200
DES1221+0543,DEC_Taiga/multiepoch/delve/r6117/DES1221+0543/p01/coadd,185.48660600,5.72774100
DES1420+1000,DEC_Taiga/multiepoch/delve/r6117/DES1420+1000/p01/coadd,215.11964000,10.01107400
DES1646-2206,DEC_Taiga/multiepoch/delve/r6117/DES1646-2206/p01/coadd,251.74102400,-22.11392600
DES1446-3832,DEC_Taiga/multiepoch/delve/r6117/DES1446-3832/p02/coadd,221.63850800,-38.53337000
DES1414-1041,DEC_Taiga/multiepoch/delve/r6117/DES1414-1041/p01/coadd,213.59198900,-10.69170400
DES1311-1415,DEC_Taiga/multiepoch/delve/r6117/DES1311-1415/p01/coadd,197.84991200,-14.26114800
DES1345+1043,DEC_Taiga/multiepoch/delve/r6117/DES1345+1043/p01/coadd,206.35903000,10.72496300
DES1435+2417,DEC_Taiga/multiepoch/delve/r6117/DES1435+2417/p01/coadd,218.88817600,24.28885200
DES1444+2334,DEC_Taiga/multiepoch/delve/r6117/DES1444+2334/p01/coadd,221.10686700,23.57496300
DES1112-4123,DEC_Taiga/multiepoch/delve/r6117/DES1112-4123/p03/coadd,168.11188200,-41.38892600
DES1208+1751,DEC_Taiga/multiepoch/delve/r6117/DES1208+1751/p01/coadd,182.01797000,17.86385200
DES1348-0915,DEC_Taiga/multiepoch/delve/r6117/DES1348-0915/p01/coadd,207.22249700,-9.26392600
DES1448-1832,DEC_Taiga/multiepoch/delve/r6117/DES1448-1832/p02/coadd,222.21832800,-18.54448100
DES0942-2541,DEC_Taiga/multiepoch/delve/r6117/DES0942-2541/p03/coadd,145.51595900,-25.68337000
DES1049+3000,DEC_Taiga/multiepoch/delve/r6117/DES1049+3000/p03/coadd,162.29840700,29.99996300
DES1408+0418,DEC_Taiga/multiepoch/delve/r6117/DES1408+0418/p01/coadd,212.10022300,4.29996300
DES1646-2041,DEC_Taiga/multiepoch/delve/r6117/DES1646-2041/p01/coadd,251.52062600,-20.68614800
DES1604+0500,DEC_Taiga/multiepoch/delve/r6117/DES1604+0500/p01/coadd,241.06716400,5.01385200
DES1102+3000,DEC_Taiga/multiepoch/delve/r6117/DES1102+3000/p01/coadd,165.59571900,29.99996300
DES1430-1832,DEC_Taiga/multiepoch/delve/r6117/DES1430-1832/p01/coadd,217.70041200,-18.54448100
DES1216+0418,DEC_Taiga/multiepoch/delve/r6117/DES1216+0418/p01/coadd,184.17996500,4.29996300
DES1341-3332,DEC_Taiga/multiepoch/delve/r6117/DES1341-3332/p01/coadd,205.33880900,-33.53614800
DES1445-3749,DEC_Taiga/multiepoch/delve/r6117/DES1445-3749/p02/coadd,221.36027500,-37.81948100
DES1640+1126,DEC_Taiga/multiepoch/delve/r6117/DES1640+1126/p01/coadd,250.04397400,11.43885200
DES1116-4206,DEC_Taiga/multiepoch/delve/r6117/DES1116-4206/p03/coadd,169.01765000,-42.10281500
DES1332-2915,DEC_Taiga/multiepoch/delve/r6117/DES1332-2915/p01/coadd,203.01936800,-29.25281500
DES1711-0915,DEC_Taiga/multiepoch/delve/r6117/DES1711-0915/p01/coadd,257.85510100,-9.26392600
DES1159-1624,DEC_Taiga/multiepoch/delve/r6117/DES1159-1624/p03/coadd,179.92693100,-16.40281500
DES1550+2834,DEC_Taiga/multiepoch/delve/r6117/DES1550+2834/p01/coadd,237.71589800,28.57218500
DES1600+0418,DEC_Taiga/multiepoch/delve/r6117/DES1600+0418/p01/coadd,240.02048200,4.29996300
DES1624-2124,DEC_Taiga/multiepoch/delve/r6117/DES1624-2124/p01/coadd,246.23689400,-21.40003700
DES1413+0335,DEC_Taiga/multiepoch/delve/r6117/DES1413+0335/p01/coadd,213.27575100,3.58607400
DES1503-0207,DEC_Taiga/multiepoch/delve/r6117/DES1503-0207/p02/coadd,225.75540700,-2.12503700
DES1359-1915,DEC_Taiga/multiepoch/delve/r6117/DES1359-1915/p02/coadd,209.92012100,-19.25837000
DES1325-3706,DEC_Taiga/multiepoch/delve/r6117/DES1325-3706/p01/coadd,201.44162400,-37.10559300
DES1734-0833,DEC_Taiga/multiepoch/delve/r6117/DES1734-0833/p01/coadd,263.68346400,-8.55003700
DES1524+0335,DEC_Taiga/multiepoch/delve/r6117/DES1524+0335/p03/coadd,231.15798800,3.58607400
DES1250+1334,DEC_Taiga/multiepoch/delve/r6117/DES1250+1334/p01/coadd,192.61185800,13.58051900
DES1248+0917,DEC_Taiga/multiepoch/delve/r6117/DES1248+0917/p01/coadd,192.05905300,9.29718500
DES1316-2415,DEC_Taiga/multiepoch/delve/r6117/DES1316-2415/p01/coadd,199.23317900,-24.25559300
DES1649-2124,DEC_Taiga/multiepoch/delve/r6117/DES1649-2124/p01/coadd,252.37091000,-21.40003700
DES1649-1749,DEC_Taiga/multiepoch/delve/r6117/DES1649-1749/p01/coadd,252.45948700,-17.83059300
DES1607-2749,DEC_Taiga/multiepoch/delve/r6117/DES1607-2749/p01/coadd,241.92495200,-27.82503700
DES1314+1626,DEC_Taiga/multiepoch/delve/r6117/DES1314+1626/p01/coadd,198.57996100,16.43607400
DES1223-1207,DEC_Taiga/multiepoch/delve/r6117/DES1223-1207/p01/coadd,185.89040800,-12.11948100
DES1258+1126,DEC_Taiga/multiepoch/delve/r6117/DES1258+1126/p01/coadd,194.68888800,11.43885200
DES1212+0335,DEC_Taiga/multiepoch/delve/r6117/DES1212+0335/p01/coadd,183.23359300,3.58607400
DES1236-3623,DEC_Taiga/multiepoch/delve/r6117/DES1236-3623/p01/coadd,189.03373500,-36.39170400
DES1429-1207,DEC_Taiga/multiepoch/delve/r6117/DES1429-1207/p01/coadd,217.28740500,-12.11948100
DES1223-0458,DEC_Taiga/multiepoch/delve/r6117/DES1223-0458/p01/coadd,185.87279300,-4.98059300
DES1557-0541,DEC_Taiga/multiepoch/delve/r6117/DES1557-0541/p01/coadd,239.27806300,-5.69448100
DES1634-2206,DEC_Taiga/multiepoch/delve/r6117/DES1634-2206/p01/coadd,248.65872700,-22.11392600
DES1248+2043,DEC_Taiga/multiepoch/delve/r6117/DES1248+2043/p01/coadd,192.06088800,20.71940700
DES1313+1334,DEC_Taiga/multiepoch/delve/r6117/DES1313+1334/p01/coadd,198.48724000,13.58051900
DES1331-3249,DEC_Taiga/multiepoch/delve/r6117/DES1331-3249/p01/coadd,202.98300200,-32.82225900
DES0858-2458,DEC_Taiga/multiepoch/delve/r6117/DES0858-2458/p01/coadd,134.71073100,-24.96948100
DES0951-2541,DEC_Taiga/multiepoch/delve/r6117/DES0951-2541/p01/coadd,147.89241200,-25.68337000
DES1354+0209,DEC_Taiga/multiepoch/delve/r6117/DES1354+0209/p01/coadd,208.61667100,2.15829600
DES1330-2958,DEC_Taiga/multiepoch/delve/r6117/DES1330-2958/p01/coadd,202.59392300,-29.96670400
DES1409+1252,DEC_Taiga/multiepoch/delve/r6117/DES1409+1252/p01/coadd,212.30395700,12.86663000
DES1515+0500,DEC_Taiga/multiepoch/delve/r6117/DES1515+0500/p02/coadd,228.88443600,5.01385200
DES1625-2206,DEC_Taiga/multiepoch/delve/r6117/DES1625-2206/p01/coadd,246.34700400,-22.11392600
DES1350-3623,DEC_Taiga/multiepoch/delve/r6117/DES1350-3623/p01/coadd,207.65738400,-36.39170400
DES1432+0835,DEC_Taiga/multiepoch/delve/r6117/DES1432+0835/p01/coadd,218.22959100,8.58329600
DES1627-2415,DEC_Taiga/multiepoch/delve/r6117/DES1627-2415/p01/coadd,246.99687400,-24.25559300
DES1726-1041,DEC_Taiga/multiepoch/delve/r6117/DES1726-1041/p01/coadd,261.54106200,-10.69170400
DES1210+0917,DEC_Taiga/multiepoch/delve/r6117/DES1210+0917/p01/coadd,182.65496100,9.29718500
DES1245-3415,DEC_Taiga/multiepoch/delve/r6117/DES1245-3415/p01/coadd,191.36984500,-34.25003700
DES1610+0335,DEC_Taiga/multiepoch/delve/r6117/DES1610+0335/p01/coadd,242.60262000,3.58607400
DES1201+3000,DEC_Taiga/multiepoch/delve/r6117/DES1201+3000/p01/coadd,180.43362100,29.99996300
DES1509+0252,DEC_Taiga/multiepoch/delve/r6117/DES1509+0252/p02/coadd,227.36188000,2.87218500
DES1545-3415,DEC_Taiga/multiepoch/delve/r6117/DES1545-3415/p01/coadd,236.27993800,-34.25003700
DES1648-1041,DEC_Taiga/multiepoch/delve/r6117/DES1648-1041/p01/coadd,252.09654800,-10.69170400
DES1214-1124,DEC_Taiga/multiepoch/delve/r6117/DES1214-1124/p01/coadd,183.73195400,-11.40559300
DES1610+0500,DEC_Taiga/multiepoch/delve/r6117/DES1610+0500/p01/coadd,242.50042600,5.01385200
DES1504-2832,DEC_Taiga/multiepoch/delve/r6117/DES1504-2832/p02/coadd,226.23693400,-28.53892600
DES1331+1000,DEC_Taiga/multiepoch/delve/r6117/DES1331+1000/p01/coadd,202.79588800,10.01107400
DES1259+0917,DEC_Taiga/multiepoch/delve/r6117/DES1259+0917/p01/coadd,194.95262000,9.29718500
DES1302+2625,DEC_Taiga/multiepoch/delve/r6117/DES1302+2625/p01/coadd,195.62097000,26.43051900
DES1316-1332,DEC_Taiga/multiepoch/delve/r6117/DES1316-1332/p01/coadd,199.18177300,-13.54725900
DES1651-1041,DEC_Taiga/multiepoch/delve/r6117/DES1651-1041/p01/coadd,252.82304900,-10.69170400
DES1204-3623,DEC_Taiga/multiepoch/delve/r6117/DES1204-3623/p03/coadd,181.05217100,-36.39170400
DES1317-2206,DEC_Taiga/multiepoch/delve/r6117/DES1317-2206/p01/coadd,199.34196900,-22.11392600
DES1602+1043,DEC_Taiga/multiepoch/delve/r6117/DES1602+1043/p01/coadd,240.50833900,10.72496300
DES1630-1915,DEC_Taiga/multiepoch/delve/r6117/DES1630-1915/p01/coadd,247.73038800,-19.25837000
DES1413-0333,DEC_Taiga/multiepoch/delve/r6117/DES1413-0333/p01/coadd,213.26492700,-3.55281500
DES1307+2500,DEC_Taiga/multiepoch/delve/r6117/DES1307+2500/p01/coadd,196.99916200,25.00274100
DES1304+1543,DEC_Taiga/multiepoch/delve/r6117/DES1304+1543/p01/coadd,196.08005200,15.72218500
DES1528-0541,DEC_Taiga/multiepoch/delve/r6117/DES1528-0541/p02/coadd,232.10377100,-5.69448100
DES0958-2458,DEC_Taiga/multiepoch/delve/r6117/DES0958-2458/p01/coadd,149.67310700,-24.96948100
DES1258+1209,DEC_Taiga/multiepoch/delve/r6117/DES1258+1209/p01/coadd,194.68734900,12.15274100
DES1222-0416,DEC_Taiga/multiepoch/delve/r6117/DES1222-0416/p01/coadd,185.59998200,-4.26670400
DES1625-1749,DEC_Taiga/multiepoch/delve/r6117/DES1625-1749/p01/coadd,246.46020800,-17.83059300
DES1229+1751,DEC_Taiga/multiepoch/delve/r6117/DES1229+1751/p01/coadd,187.26832300,17.86385200
DES1317+0252,DEC_Taiga/multiepoch/delve/r6117/DES1317+0252/p01/coadd,199.48519400,2.87218500
DES1325-2915,DEC_Taiga/multiepoch/delve/r6117/DES1325-2915/p01/coadd,201.38289500,-29.25281500
DES0903-3040,DEC_Taiga/multiepoch/delve/r6117/DES0903-3040/p01/coadd,135.80099200,-30.68059300
DES1731-0833,DEC_Taiga/multiepoch/delve/r6117/DES1731-0833/p01/coadd,262.96155200,-8.55003700
DES1229-1124,DEC_Taiga/multiepoch/delve/r6117/DES1229-1124/p01/coadd,187.37330800,-11.40559300
DES1318-3832,DEC_Taiga/multiepoch/delve/r6117/DES1318-3832/p01/coadd,199.73576100,-38.53337000
DES1714-0541,DEC_Taiga/multiepoch/delve/r6117/DES1714-0541/p01/coadd,258.64865300,-5.69448100
DES1348-3332,DEC_Taiga/multiepoch/delve/r6117/DES1348-3332/p03/coadd,207.05172200,-33.53614800
DES0910+3000,DEC_Taiga/multiepoch/delve/r6117/DES0910+3000/p01/coadd,137.56857100,29.99996300
DES1002-2749,DEC_Taiga/multiepoch/delve/r6117/DES1002-2749/p01/coadd,150.70886600,-27.82503700
DES1711-0541,DEC_Taiga/multiepoch/delve/r6117/DES1711-0541/p01/coadd,257.93122400,-5.69448100
DES1725-0624,DEC_Taiga/multiepoch/delve/r6117/DES1725-0624/p01/coadd,261.25800600,-6.40837000
DES0942-2458,DEC_Taiga/multiepoch/delve/r6117/DES0942-2458/p03/coadd,145.73564000,-24.96948100
DES0913-3206,DEC_Taiga/multiepoch/delve/r6117/DES0913-3206/p01/coadd,138.34194300,-32.10837000
DES1225+2208,DEC_Taiga/multiepoch/delve/r6117/DES1225+2208/p01/coadd,186.30638800,22.14718500
DES1613+1000,DEC_Taiga/multiepoch/delve/r6117/DES1613+1000/p01/coadd,243.39177700,10.01107400
DES0943-3457,DEC_Taiga/multiepoch/delve/r6117/DES0943-3457/p01/coadd,145.84503100,-34.96392600
DES1251+0917,DEC_Taiga/multiepoch/delve/r6117/DES1251+0917/p01/coadd,192.78244500,9.29718500
DES1321+0752,DEC_Taiga/multiepoch/delve/r6117/DES1321+0752/p01/coadd,200.38764000,7.86940700
DES1642-0124,DEC_Taiga/multiepoch/delve/r6117/DES1642-0124/p01/coadd,250.62960000,-1.41114800
DES1405-0124,DEC_Taiga/multiepoch/delve/r6117/DES1405-0124/p01/coadd,211.35380000,-1.41114800
DES1423+1126,DEC_Taiga/multiepoch/delve/r6117/DES1423+1126/p01/coadd,215.81122400,11.43885200
DES1518-0958,DEC_Taiga/multiepoch/delve/r6117/DES1518-0958/p02/coadd,229.58591700,-9.97781500
DES1223+2417,DEC_Taiga/multiepoch/delve/r6117/DES1223+2417/p02/coadd,185.99306800,24.28885200
DES1320+1626,DEC_Taiga/multiepoch/delve/r6117/DES1320+1626/p01/coadd,200.06857000,16.43607400
DES1322+2708,DEC_Taiga/multiepoch/delve/r6117/DES1322+2708/p01/coadd,200.60078900,27.14440700
DES1513+0835,DEC_Taiga/multiepoch/delve/r6117/DES1513+0835/p02/coadd,228.33724200,8.58329600
DES1550-1541,DEC_Taiga/multiepoch/delve/r6117/DES1550-1541/p01/coadd,237.55889100,-15.68892600
DES1457+0209,DEC_Taiga/multiepoch/delve/r6117/DES1457+0209/p02/coadd,224.33337700,2.15829600
DES1723-1041,DEC_Taiga/multiepoch/delve/r6117/DES1723-1041/p01/coadd,260.81456100,-10.69170400
DES1318+1709,DEC_Taiga/multiepoch/delve/r6117/DES1318+1709/p01/coadd,199.64829000,17.14996300
DES1307+1252,DEC_Taiga/multiepoch/delve/r6117/DES1307+1252/p01/coadd,196.92616800,12.86663000
DES1307-2249,DEC_Taiga/multiepoch/delve/r6117/DES1307-2249/p01/coadd,196.93836700,-22.82781500
DES1347-3623,DEC_Taiga/multiepoch/delve/r6117/DES1347-3623/p01/coadd,206.77054300,-36.39170400
DES1459-3749,DEC_Taiga/multiepoch/delve/r6117/DES1459-3749/p02/coadd,224.97514500,-37.81948100
DES1602-1207,DEC_Taiga/multiepoch/delve/r6117/DES1602-1207/p01/coadd,240.65261200,-12.11948100
DES1606-3832,DEC_Taiga/multiepoch/delve/r6117/DES1606-3832/p01/coadd,241.71602600,-38.53337000
DES1537+1334,DEC_Taiga/multiepoch/delve/r6117/DES1537+1334/p01/coadd,234.47395800,13.58051900
DES1610+1043,DEC_Taiga/multiepoch/delve/r6117/DES1610+1043/p01/coadd,242.68808200,10.72496300
DES1621-2124,DEC_Taiga/multiepoch/delve/r6117/DES1621-2124/p01/coadd,245.47014200,-21.40003700
DES0946-2458,DEC_Taiga/multiepoch/delve/r6117/DES0946-2458/p01/coadd,146.52313300,-24.96948100
DES1728-0958,DEC_Taiga/multiepoch/delve/r6117/DES1728-0958/p01/coadd,262.20426900,-9.97781500
DES1002-2915,DEC_Taiga/multiepoch/delve/r6117/DES1002-2915/p01/coadd,150.65221800,-29.25281500
DES1354+0709,DEC_Taiga/multiepoch/delve/r6117/DES1354+0709/p01/coadd,208.55300500,7.15551900
DES1322-3832,DEC_Taiga/multiepoch/delve/r6117/DES1322-3832/p01/coadd,200.64837500,-38.53337000
DES1300-0458,DEC_Taiga/multiepoch/delve/r6117/DES1300-0458/p01/coadd,195.18852300,-4.98059300
DES1328-1749,DEC_Taiga/multiepoch/delve/r6117/DES1328-1749/p01/coadd,202.21552500,-17.83059300
DES1342-0124,DEC_Taiga/multiepoch/delve/r6117/DES1342-0124/p01/coadd,205.64095700,-1.41114800
DES1553-0041,DEC_Taiga/multiepoch/delve/r6117/DES1553-0041/p01/coadd,238.41564900,-0.69725900
DES1011-2458,DEC_Taiga/multiepoch/delve/r6117/DES1011-2458/p01/coadd,152.82308200,-24.96948100
DES1734-0915,DEC_Taiga/multiepoch/delve/r6117/DES1734-0915/p01/coadd,263.64168500,-9.26392600
DES1054-2706,DEC_Taiga/multiepoch/delve/r6117/DES1054-2706/p01/coadd,163.62320400,-27.11114800
DES1227+1000,DEC_Taiga/multiepoch/delve/r6117/DES1227+1000/p01/coadd,186.84750400,10.01107400
DES1429-3914,DEC_Taiga/multiepoch/delve/r6117/DES1429-3914/p01/coadd,217.36123700,-39.24725900
DES1643-2041,DEC_Taiga/multiepoch/delve/r6117/DES1643-2041/p01/coadd,250.75754100,-20.68614800
DES1320-0624,DEC_Taiga/multiepoch/delve/r6117/DES1320-0624/p01/coadd,200.19591600,-6.40837000
DES1636+0001,DEC_Taiga/multiepoch/delve/r6117/DES1636+0001/p01/coadd,249.10005100,0.01663000
DES1159-2332,DEC_Taiga/multiepoch/delve/r6117/DES1159-2332/p01/coadd,179.75811600,-23.54170400
DES1232+0500,DEC_Taiga/multiepoch/delve/r6117/DES1232+0500/p01/coadd,188.03646600,5.01385200
DES1323-2206,DEC_Taiga/multiepoch/delve/r6117/DES1323-2206/p01/coadd,200.88311800,-22.11392600
DES1132-2623,DEC_Taiga/multiepoch/delve/r6117/DES1132-2623/p01/coadd,173.22422000,-26.39725900
DES1419-4249,DEC_Taiga/multiepoch/delve/r6117/DES1419-4249/p01/coadd,214.75209900,-42.81670400
DES1427-0041,DEC_Taiga/multiepoch/delve/r6117/DES1427-0041/p01/coadd,216.99739700,-0.69725900
DES1732-0750,DEC_Taiga/multiepoch/delve/r6117/DES1732-0750/p01/coadd,263.05850300,-7.83614800
DES0933+3000,DEC_Taiga/multiepoch/delve/r6117/DES0933+3000/p01/coadd,143.33886600,29.99996300
DES1250+0335,DEC_Taiga/multiepoch/delve/r6117/DES1250+0335/p01/coadd,192.53235600,3.58607400
DES1317+0835,DEC_Taiga/multiepoch/delve/r6117/DES1317+0835/p01/coadd,199.45823700,8.58329600
DES1437+0209,DEC_Taiga/multiepoch/delve/r6117/DES1437+0209/p02/coadd,219.33260700,2.15829600
DES1508-2832,DEC_Taiga/multiepoch/delve/r6117/DES1508-2832/p02/coadd,227.04956300,-28.53892600
DES1433-1415,DEC_Taiga/multiepoch/delve/r6117/DES1433-1415/p01/coadd,218.47438200,-14.26114800
DES1639-1915,DEC_Taiga/multiepoch/delve/r6117/DES1639-1915/p01/coadd,249.99900400,-19.25837000
DES1311-2541,DEC_Taiga/multiepoch/delve/r6117/DES1311-2541/p01/coadd,197.79792000,-25.68337000
DES0820+3000,DEC_Taiga/multiepoch/delve/r6117/DES0820+3000/p01/coadd,125.20365300,29.99996300
DES1307+1543,DEC_Taiga/multiepoch/delve/r6117/DES1307+1543/p01/coadd,196.82168800,15.72218500
DES1605-2332,DEC_Taiga/multiepoch/delve/r6117/DES1605-2332/p01/coadd,241.27543300,-23.54170400
DES0959-3415,DEC_Taiga/multiepoch/delve/r6117/DES0959-3415/p01/coadd,149.91437500,-34.25003700
DES1626-2458,DEC_Taiga/multiepoch/delve/r6117/DES1626-2458/p01/coadd,246.53481000,-24.96948100
DES1316+1334,DEC_Taiga/multiepoch/delve/r6117/DES1316+1334/p01/coadd,199.22166300,13.58051900
